std,mean,ETFname,log_mean,log_std,sharpe ratio
1.115902786,0.047386297,AADR,0.041156469,1.116642624,0.643780642
1.934746155,-0.010806262,AMLP,-0.029495136,1.935413323,-0.266300642
2.731556044,-0.032813795,AMZA,-0.070100261,2.734386132,-0.497905452
1.708008068,0.019066254,AND,0.004536994,1.705507752,0.114561321
1.101143553,0.004379069,ASEA,-0.001676839,1.10171596,0.044738979
2.487071195,0.011234152,ASHR,-0.019557998,2.48368415,-0.122567126
3.12451761,0.060411526,ASHS,0.011601961,3.131247264,0.047831398
1.454235747,0.03480434,AUSE,0.024185194,1.460548719,0.318834671
1.156327158,0.015683833,AXJL,0.008998279,1.157830693,0.168371673
0.859244509,0.011270698,AXJV,0.007577019,0.860723846,0.168735224
0.443802112,0.011633907,BAB,0.010649299,0.444116653,0.344369279
2.673566987,-0.008251742,BBC,-0.044082023,2.682381752,-0.2689619
1.607486567,0.017616811,BBH,0.004714992,1.60798381,0.044432928
1.935002277,0.078489074,BBP,0.059791284,1.934278002,0.508183365
1.172301858,-0.012418003,BBRC,-0.019290627,1.173848524,-0.216872873
2.552806764,-0.005926472,BDL,-0.03824877,2.541425636,-0.17852773
3.500443704,0.009159848,BIB,-0.052175392,3.509224436,-0.211991147
1.438397038,0.020149217,BICK,0.009802754,1.440518436,0.150446931
1.395149146,0.023067142,BKF,0.013331116,1.397327694,0.190445486
0.206848554,0.011517123,BKLN,0.011302748,0.206972039,0.929060443
0.251686668,0.009725299,BOND,0.009408582,0.251738376,0.56741787
2.18236219,0.032096688,BRAQ,0.008242191,2.188377332,0.137216573
2.008528786,0.027516459,BRAZ,0.007432876,2.004931709,0.124772657
1.974370769,0.025072874,BRF,0.005570987,1.977967963,0.133312904
6.838016874,0.098394312,BRZU,-0.135511727,6.85733206,-0.396328451
0.100754155,0.004309007,BSCH,0.004258227,0.100784932,0.63415321
0.118267232,0.007194044,BSCI,0.00712397,0.118272747,0.923682956
0.14930042,0.009596568,BSCJ,0.009484855,0.149300951,0.985443824
0.188666824,0.012085026,BSCK,0.011906599,0.188703352,0.963920457
0.243391333,0.012052798,BSCL,0.011756417,0.243390351,0.75971074
0.280869566,0.01351968,BSCM,0.013124915,0.280942451,0.726711298
0.330281707,0.013979224,BSCN,0.013433155,0.3305848,0.626223071
0.35729483,0.013809388,BSCO,0.013171267,0.357312711,0.559964022
0.21292338,0.012718875,BSJH,0.012491685,0.213003918,1.000995908
0.265351668,0.014596462,BSJI,0.014243771,0.265474903,0.927290697
0.316549877,0.015765493,BSJJ,0.01526388,0.316682494,0.85017035
0.352884458,0.017186928,BSJK,0.016563151,0.35323527,0.852707147
0.400516813,0.023407175,BSJL,0.022603337,0.400727974,0.994532604
0.46593663,0.023889972,BSJM,0.022802972,0.466174222,0.852406117
0.098307553,0.005553791,BSV,0.005505406,0.098299466,0.860836076
2.643058252,0.036889312,BTAL,0.004254669,2.542634899,0.03110642
0.507347691,-0.003362671,BWX,-0.004646891,0.507163305,-0.134586524
0.486628148,-0.007063599,BWZ,-0.008245123,0.486397763,-0.287072973
1.696735409,0.016013951,CANE,0.001645677,1.696776097,0.036562405
1.258100427,0.003852388,CARZ,-0.004075794,1.261505011,-0.005855918
0.353762478,0.010429782,CBND,0.009804422,0.353852324,0.419792898
0.415347471,-0.009328794,CBON,-0.01019352,0.416501001,-0.364896528
0.762040699,0.03805353,CDC,0.035144657,0.762819594,0.852457014
0.490095386,0.024085814,CEMB,0.022884027,0.490160045,0.779135583
0.546729117,7.80E-05,CEW,-0.001414472,0.546883744,-0.00286075
0.841326429,0.032690791,CFA,0.029141236,0.843488577,0.63572348
0.845737333,0.031694366,CFO,0.028111424,0.847272576,0.640827649
0.920676009,0.028467321,CGW,0.024220351,0.922805691,0.510657129
2.500148572,0.029432626,COPX,-0.00168815,2.495864229,0.02360613
1.221844348,-0.048079236,CORN,-0.055553775,1.223014807,-0.800587908
0.302414327,0.011655185,CORP,0.011197867,0.302513317,0.575367267
2.810299427,0.014856723,CPER,-0.022141603,2.697340129,-0.153651219
0.265294812,0.005501939,CPI,0.005150728,0.265172216,0.338281022
1.682838979,0.053141775,CQQQ,0.038978696,1.684780321,0.396659634
0.823719512,0.026351563,CRBN,0.022950773,0.825794323,0.513172838
0.366936529,0.015258215,CRDT,0.01458471,0.36709022,0.635394669
0.280393291,0.010168305,CRED,0.00977525,0.280472391,0.533261945
1.426060848,0.001000905,CROC,-0.009141632,1.425275273,-0.093081592
1.008303408,0.054859032,CROP,0.049766648,1.009032133,0.785530016
1.032198585,0.01413719,CSD,0.008808694,1.033696595,0.189340659
0.909032579,0.014949165,CSF,0.010813915,0.910709193,0.21736776
0.065091445,0.005477524,CSJ,0.005456229,0.065087656,1.342157387
0.890098082,0.033366751,CSM,0.029402386,0.891003366,0.642406923
2.962091846,0.057706356,CURE,0.013651407,2.975986795,0.091600115
1.098369844,0.027530047,CUT,0.021482983,1.101533002,0.382854198
0.877805322,0.007518714,CVY,0.003667882,0.87863281,0.150853651
0.61314079,0.027203168,CWB,0.025320662,0.613810585,0.754041153
1.043328622,0.017176975,CWI,0.011712502,1.047768405,0.248379703
1.691330488,0.033793906,CXSE,0.019485637,1.694182791,0.2079704
0.339031398,-0.00670944,CYB,-0.007285102,0.339788727,-0.337624527
0.875267274,0.035870086,CZA,0.032027557,0.877557524,0.697981216
0.983595461,0.035645159,DES,0.030809466,0.983858364,0.576583153
0.926794805,0.02089856,DEW,0.016595906,0.929059562,0.372180069
1.098287001,0.043068328,DFE,0.036929074,1.113688544,0.568546457
0.979646243,0.060949026,DFJ,0.056133691,0.980987298,0.93405558
0.811439489,0.031239564,DLN,0.027946234,0.811957129,0.661988725
0.90946859,0.042586434,DLS,0.038411687,0.915883238,0.71867973
3.074527392,0.065959661,DRN,0.018241221,3.101330188,0.08858505
3.078071756,-0.089421357,DRV,-0.136426118,3.061373585,-0.577134175
0.997682291,0.028761705,DRW,0.023776565,0.999785625,0.410677486
0.878122279,0.028546208,DSI,0.024687209,0.879323079,0.534343216
0.49218057,-0.003354261,DSUM,-0.004564562,0.492528039,-0.09875101
0.809470314,0.031476699,DTD,0.028198648,0.81009494,0.659947989
1.110940266,0.011902808,DTH,0.00568067,1.119411625,0.14598576
0.848939007,0.027108555,DTN,0.023505654,0.849426041,0.548073141
2.998589663,0.009814811,DUG,-0.035271538,3.009645726,-0.20050275
8.545266171,-0.294838781,DUST,-0.665607808,8.648686966,-0.44970402
1.502562978,0.031015717,DVP,0.019744723,1.503827652,0.276596032
0.776785253,0.038492651,DVY,0.03547129,0.777377546,0.842883035
1.152667834,0.020652827,DVYA,0.014000851,1.155210762,0.23812351
1.284777301,0.018240744,DVYE,0.009978395,1.287489683,0.175634999
1.016717522,0.031823953,DWAQ,0.026638284,1.02001291,0.448638873
1.188890494,0.010766068,DWAS,0.003693721,1.191105427,0.075169655
0.785520785,0.005213181,DWAT,0.002127556,0.786640409,0.089718563
1.021087811,0.016560748,DWM,0.011310934,1.02779571,0.246255189
1.225949526,0.009809241,DWX,0.002272587,1.230303877,0.083289073
1.668064222,-0.074739942,DXD,-0.0886471,1.666797852,-0.740239527
1.263857629,0.044383301,DXGE,0.036365917,1.268344621,0.540790896
1.522952264,0.019626967,DXJ,0.007971224,1.530852069,0.126661723
1.876813906,0.012215635,DXJC,-0.005510539,1.88894741,-0.021972536
1.940394794,0.009529635,DXJF,-0.009386966,1.950295477,-0.047123375
1.538759878,0.058443783,DXJH,0.046561237,1.543941682,0.436540559
1.451700579,0.011007001,DXJR,0.000460694,1.454691002,0.036571437
1.433733059,0.046353235,DXJS,0.036015017,1.441252626,0.433965267
1.092407512,0.036026941,DXPS,0.030048758,1.094771792,0.543429133
3.146429344,0.042528084,DZK,-0.008315572,3.217702913,0.024959289
0.650097418,0.002367705,EBND,0.000246596,0.65281654,0.04907314
1.233852856,0.037644115,ECH,0.030038212,1.234142865,0.489120632
1.982899255,0.035253264,ECNS,0.015654398,1.981854735,0.11896689
1.364112258,0.013903244,ECON,0.004595095,1.366391638,0.095424975
3.886795694,0.041243072,EDC,-0.034784959,3.912727597,-0.12700857
1.102527244,0.03863615,EDEN,0.032534702,1.106451315,0.482200738
1.307376819,-0.000284404,EDIV,-0.008832061,1.309299891,-0.101692393
1.367242818,0.015338154,EDOG,0.006003648,1.367756026,0.110917925
1.23315862,0.00815532,EDV,0.0005481,1.235281794,-0.041631239
3.906344621,-0.061734422,EDZ,-0.137802032,3.901898012,-0.40467404
1.435304305,0.031231821,EEB,0.020927884,1.437313957,0.29754203
1.050280504,-0.002128996,EELV,-0.00764635,1.051938986,-0.068903834
1.301983379,0.017463635,EEM,0.008984516,1.304056003,0.162798001
1.255422042,0.021856539,EEMA,0.013967323,1.258035046,0.203932688
1.781666423,-0.016561191,EEMO,-0.0321562,1.761452084,-0.293219396
1.161950812,0.01991939,EEMS,0.013150911,1.165686962,0.18971058
0.980666089,0.00556169,EEMV,0.000751678,0.982203187,0.055537291
1.110323263,0.03414133,EES,0.027980773,1.110724863,0.485556137
2.622373482,0.031980335,EET,-0.002520644,2.632956009,0.019056517
2.599784974,-0.044105504,EEV,-0.07779879,2.596567192,-0.40099875
1.049688489,0.01820298,EFA,0.012658728,1.056017796,0.260857133
1.009712347,0.003749928,EFAD,-0.00136759,1.014065823,0.015331586
0.799700812,0.027151954,EFAV,0.023944122,0.802112427,0.505319598
0.525480498,0.007400359,EFFE,0.006020666,0.525843246,0.188228646
0.977396692,0.020950984,EFG,0.016152952,0.981803231,0.321553839
1.217355736,0.029325653,EFNL,0.021859669,1.225672456,0.358028996
2.61051877,0.040122228,EFO,0.005599073,2.641761425,0.23089364
2.108371578,-0.039447129,EFU,-0.06134178,2.087150765,-0.500235851
1.147768825,0.012766956,EFV,0.006125743,1.156477398,0.160677937
1.054308171,-0.020456866,EFZ,-0.025969766,1.048950683,-0.441338166
1.988766453,-0.103684048,EGPT,-0.124088676,2.034651617,-1.032924274
1.645373058,0.013088441,EIDO,-0.000427961,1.645897111,0.032643571
1.179709721,0.038274709,EIRL,0.03120725,1.194618575,0.448796503
0.902594797,0.026750801,EIS,0.022678387,0.903167137,0.448651557
0.664160866,0.004809636,ELD,0.002604421,0.664953571,0.111049558
0.745425342,0.011023862,EMAG,0.008254055,0.744638557,0.230432133
0.428332687,0.02685416,EMB,0.025932388,0.429246651,1.002477036
0.494085859,0.019178299,EMCB,0.01795704,0.494425114,0.622187298
1.326655904,-0.000703836,EMCG,-0.009513956,1.329590728,-0.092853531
1.53040804,0.00875963,EMCR,-0.002958793,1.533370632,-0.007700673
1.506279134,-0.009100055,EMDD,-0.020457694,1.509707676,-0.185596017
1.288411577,0.000834823,EMFM,-0.007459667,1.289498282,-0.06076469
0.434216756,0.034061352,EMHY,0.033113266,0.434711841,1.301796781
1.236733046,0.014648485,EMIF,0.007016189,1.236507526,0.143316179
0.710206069,0.00136987,EMLC,-0.001155772,0.711932519,-0.001770809
1.129567403,0.001727451,EMLP,-0.004637418,1.129128531,-0.002520454
1.450842854,0.046447236,EMQQ,0.035914249,1.452891072,0.442956703
0.576042343,0.033980505,EMSH,0.032321823,0.575291857,0.911228926
1.643197401,-0.006539513,ENFR,-0.020028388,1.64435574,-0.171567851
1.552299029,0.012858595,ENOR,0.000776928,1.557712425,0.070569776
1.979379016,-0.020847284,ENY,-0.040352723,1.975354604,-0.290455857
1.059898061,0.032888387,ENZL,0.027271499,1.06071496,0.430483597
1.325201908,0.001595964,EPHE,-0.007170642,1.325406052,-0.062594714
1.422157002,0.029571263,EPI,0.01937695,1.432602953,0.271190653
1.53248991,0.003091382,EPOL,-0.008706997,1.540168575,-0.068254524
1.183832725,0.024451285,EPP,0.017426891,1.187383645,0.284248047
0.861287742,0.03181917,EPS,0.028106073,0.862386145,0.634305935
1.406850854,0.023710111,EPU,0.01391355,1.39806546,0.221698941
2.294730837,-0.038592039,EPV,-0.064332826,2.259392329,-0.498024255
0.914392906,0.028863429,EQAL,0.024676314,0.916130178,0.521575928
0.807885201,0.028867702,EQL,0.025602452,0.808644576,0.606165359
0.98494111,0.034614837,EQLT,0.02977541,0.983863813,0.52842338
0.87597366,0.03389595,EQWL,0.030057579,0.876610168,0.672633381
0.961313845,0.023784339,EQWM,0.019160307,0.962801125,0.396819945
1.114263028,0.027651383,EQWS,0.021442228,1.115593207,0.351521041
2.171914708,0.08647436,ERUS,0.06291648,2.17135228,0.52658718
4.468197367,-0.020656892,ERX,-0.120448277,4.474325052,-0.425458675
4.480231938,0.000456323,ERY,-0.100462008,4.506638231,-0.279242581
1.061519813,0.023115292,EUDG,0.017449206,1.067271884,0.328908864
1.607122063,0.005357634,EUFN,-0.0078477,1.637110237,-0.017295826
0.6640682,0.020283844,EUFX,0.018078805,0.664571303,0.396377784
1.29351783,-0.023206185,EUM,-0.031554052,1.292694435,-0.378431367
0.955006533,0.013811349,EUMV,0.009215222,0.961920424,0.204204333
1.272051167,0.041963285,EUO,0.033867096,1.273667306,0.384996274
3.416873708,0.032983121,EURL,-0.028109207,3.547230107,-0.057679492
0.888542021,0.030200674,EUSA,0.026242831,0.890834801,0.562090412
0.904549997,0.03142083,EVX,0.027329701,0.905105428,0.53941384
1.388494375,0.028305383,EWA,0.018640163,1.392943652,0.26241523
1.1582327,0.000900882,EWC,-0.005795675,1.158362108,-0.016439718
1.278669647,0.019538648,EWD,0.0112916,1.288887599,0.207060378
1.165695766,0.007472402,EWEM,0.000670712,1.168255432,0.027576974
1.24301381,0.020506871,EWG,0.012736388,1.250097289,0.248521604
1.109080433,0.047579003,EWGS,0.04141091,1.111718392,0.655737675
1.158548057,0.03257577,EWH,0.025862975,1.159845912,0.38997699
1.651754337,0.007086257,EWI,-0.006755383,1.672639907,0.021814356
1.106544205,0.03198288,EWJ,0.025853615,1.108478879,0.399862874
1.041781102,0.036019999,EWK,0.030567011,1.046281692,0.523983843
0.940126142,0.015658269,EWL,0.01122845,0.942982492,0.231517016
1.353409665,-0.018534945,EWM,-0.027683807,1.353850354,-0.295137127
0.990300114,0.032504837,EWMC,0.02759829,0.991443593,0.5482061
1.160358696,0.034865105,EWN,0.028083965,1.167755067,0.478562737
1.255897555,0.043220678,EWO,0.035262906,1.265379936,0.545050448
1.51121501,-0.002355453,EWP,-0.014043952,1.540595573,-0.075574754
1.24991978,0.027453395,EWQ,0.019563702,1.260881122,0.333614458
1.094489637,-0.004378515,EWS,-0.010362262,1.095125131,-0.106285045
1.086255427,0.021619792,EWSC,0.015720277,1.087462999,0.292694795
1.286568819,0.035940774,EWT,0.027659389,1.288373926,0.409641837
1.242000458,0.004214002,EWU,-0.00359526,1.255548259,0.01113117
1.398997758,0.022920983,EWUS,0.012851896,1.431660313,0.161949757
2.178317975,-0.067887129,EWV,-0.091561008,2.175609804,-0.695457518
1.478692624,-0.003778076,EWW,-0.014767759,1.486528397,-0.107819482
1.162103267,0.021700945,EWX,0.014926256,1.166382495,0.247651358
1.263375451,0.030066328,EWY,0.022078495,1.265593547,0.328580886
2.308773132,0.038723291,EWZ,0.012139811,2.307489528,0.152825896
2.074245304,0.025340127,EWZS,0.003823817,2.077419358,0.11009882
0.922239539,0.032028592,EXI,0.027765535,0.92449043,0.58984603
0.873839952,0.03196972,EXT,0.028148601,0.874802314,0.618250538
2.091639199,0.015368364,EZA,-0.006531654,2.096485981,-0.012226133
2.190386213,0.056000729,EZJ,0.031946797,2.197603519,0.262283485
0.986873665,0.029926785,EZM,0.025054414,0.988074387,0.496020124
1.26022591,0.019708455,EZU,0.011683779,1.271977825,0.23627089
0.970086352,0.021372924,EZY,0.016671787,0.970523315,0.356725369
1.055500776,0.023699512,FAB,0.018130637,1.05641375,0.363070353
0.916611732,0.026826399,FAD,0.022617442,0.918686311,0.454816699
1.194325885,0.053319835,FAN,0.046155814,1.198509111,0.682538362
2.988938261,0.090593033,FAS,0.045705963,3.00394611,0.367675892
1.516666732,0.042979968,FAUS,0.031486789,1.517493375,0.365424853
2.99792083,-0.110805104,FAZ,-0.15563326,2.992523496,-0.658806379
0.235726676,0.011676757,FBND,0.011398705,0.235752692,0.748220629
1.8338676,0.01971368,FBT,0.002920478,1.834614224,0.020308297
2.152811015,0.03150619,FBZ,0.008560116,2.140275471,0.112763653
1.756254407,0.02389714,FCA,0.008442061,1.761703294,0.072317649
1.457832903,-0.037185208,FCAN,-0.047770574,1.454658603,-0.518287911
2.96368444,-0.09639438,FCG,-0.14022758,2.960407917,-0.831464703
0.966026397,0.046688285,FCOM,0.042022439,0.965810785,0.743039292
0.327451583,0.013527103,FCOR,0.012990588,0.327663541,0.637730484
1.104723703,0.010554649,FDD,0.004395631,1.114055813,0.134725273
0.916299737,0.037870903,FDIS,0.033664063,0.917963653,0.65576071
1.058623855,0.019438316,FDIV,0.013828912,1.060824195,0.259594572
0.733530189,0.045531818,FDL,0.042834666,0.733943712,1.058754797
1.026467015,0.049391706,FDM,0.044123494,1.026305677,0.742598893
1.163519293,0.067677893,FDN,0.060859545,1.168932034,0.912559093
0.989151507,0.026799502,FDT,0.021886263,0.993289346,0.415496363
1.198435059,0.033139272,FDTS,0.025937378,1.202193232,0.371026932
1.395526944,0.029182141,FEM,0.019442355,1.397408803,0.255725986
0.872780352,-0.000212773,FEMB,-0.004031944,0.875781471,-0.07727964
1.416932401,0.039506237,FEMS,0.029465188,1.418581021,0.37780434
1.515181911,-0.007537224,FENY,-0.018984741,1.51404235,-0.140786756
1.190630936,0.029436875,FEP,0.022240049,1.205777926,0.361709818
1.124095314,0.0071662,FEU,0.000792175,1.133202535,0.087414552
1.273088899,0.0381389,FEUZ,0.02996325,1.282769415,0.442942233
0.896384589,0.027592186,FEX,0.023572621,0.897404621,0.518447056
1.29615658,0.013933191,FEZ,0.005429006,1.310151718,0.163664357
0.9555893,0.017350487,FFR,0.012777619,0.957821545,0.212283495
1.04873221,0.014490018,FGD,0.008961007,1.054380435,0.214281467
1.219849235,0.026496675,FGM,0.019017972,1.22601789,0.308689596
1.223668168,0.015835459,FHK,0.008344782,1.225763709,0.110939399
1.037771693,0.024326345,FHLC,0.018939733,1.039109431,0.304124478
0.755744065,0.032712043,FSTA,0.029853709,0.756319367,0.67258865
0.980784471,0.039727783,FSZ,0.034894541,0.98472574,0.618045085
1.007123947,0.030092293,FTA,0.025018715,1.008255019,0.516122755
1.907144345,-0.101215289,FTAG,-0.119485002,1.911591807,-1.127646094
0.878379916,0.024976802,FTC,0.021116163,0.879618266,0.442613004
0.787305586,0.03125379,FTCS,0.028152623,0.787907236,0.663395154
1.026512715,0.052321617,FTEC,0.047041628,1.027817719,0.848423598
0.715024452,-0.040782275,FTGC,-0.043345759,0.715580917,-1.02608766
1.039659891,0.027875688,FTHI,0.02243715,1.04567155,0.352780826
0.978075743,0.02148602,FTLB,0.016730426,0.974936922,0.266278269
0.733916948,0.022920949,FTLS,0.020230933,0.733803715,0.483355491
1.994350304,-0.058649524,FTRI,-0.078555029,1.996655191,-0.640570747
2.643183852,0.072037005,FTSD,0.039041553,2.551048715,0.250280622
0.146313736,0.013911378,FTSL,0.013803526,0.146357445,1.588250278
0.114011537,0.003203998,FTSM,0.003139142,0.113916688,0.443894691
1.467560906,0.013735573,FTW,0.002982391,1.468039536,0.029321916
0.982326917,0.033700319,FUTY,0.028860177,0.985271024,0.535057411
0.997150576,0.018544771,FV,0.013561818,1.000033137,0.240229884
0.747244922,0.040959967,FVD,0.038163236,0.747676928,0.930981662
0.981892133,0.014713789,FVL,0.009887061,0.984050261,0.243238279
0.38228599,0.013703116,FWDB,0.01297212,0.382556654,0.511434357
1.421416045,0.025275471,FWDD,0.015257938,1.415960911,0.253243561
1.538623995,0.020648138,FWDI,0.008836211,1.538310294,0.132665235
0.712741372,-0.00480048,FXA,-0.007337281,0.712963948,-0.166402051
0.707480414,-0.034318101,FXB,-0.036859709,0.715380223,-0.781096043
0.557131175,-0.021417578,FXC,-0.02296899,0.557032639,-0.682768709
0.907440811,-0.010545291,FXCH,-0.014644741,0.905683369,-0.254197348
0.972733109,0.010535533,FXD,0.00580092,0.974541858,0.139589395
0.638159913,-0.022132288,FXE,-0.024166835,0.637956582,-0.585784223
0.949299353,-0.000808089,FXF,-0.00504432,0.908024593,-0.067658933
0.826775403,0.025883711,FXG,0.022464576,0.827613297,0.461261128
1.093468029,0.010518532,FXH,0.004520914,1.097560601,0.091692994
1.600370338,0.007285913,FXI,-0.005515015,1.602159396,-0.050490248
1.092959214,0.038992871,FXL,0.033006885,1.095406115,0.58023154
2.163823449,-0.033668419,FXN,-0.057009664,2.161255633,-0.392106168
0.957006003,0.036790774,FXO,0.032203134,0.958708947,0.627131966
3.176159707,-0.023506197,FXP,-0.073933978,3.18027072,-0.31548169
1.104588414,0.024884179,FXR,0.018782123,1.105984436,0.376918959
0.655885553,-0.026776488,FXS,-0.028929776,0.656384816,-0.692004184
0.577604495,-0.009270626,FXSG,-0.010935539,0.577396257,-0.275211618
0.936430625,0.032704497,FXU,0.028314788,0.937799914,0.569780416
0.672222641,0.017845918,FXY,0.01559707,0.670455071,0.330445102
1.114989447,0.038331164,FXZ,0.032118224,1.115284817,0.576178723
1.081315996,0.035008519,FYC,0.02915452,1.083173966,0.48050289
1.035240714,0.01558532,FYLD,0.010199395,1.040520682,0.225058591
1.183803147,0.0140065,FYT,0.007011046,1.183879685,0.152497986
1.101259514,0.022715403,FYX,0.016656692,1.101793971,0.301211657
0.473432854,0.01549675,GAA,0.014376005,0.473726933,0.534380266
1.710353575,0.004301058,GAF,-0.010305811,1.711004518,-0.052974476
0.539888861,0.009359972,GAL,0.007901664,0.540756703,0.291104924
8.758024351,-0.341778004,GASL,-0.729882318,8.850200581,-0.893183893
0.263358531,0.0072237,GBF,0.006877173,0.263414876,0.350197218
0.711215459,-0.025983407,GCC,-0.028511964,0.711222722,-0.67796881
2.917525891,0.089694838,GDX,0.047117752,2.921958546,0.247303433
3.322592535,0.132578742,GDXJ,0.077442043,3.323060493,0.326250029
0.971513088,0.035317321,GEUR,0.030619734,0.968690075,0.454840641
1.308662943,0.016348923,GEX,0.007777227,1.311392428,0.170805566
0.962045844,-0.011722691,GGOV,-0.016344464,0.962307228,-0.278254837
0.500800379,0.016082519,GHYG,0.014828377,0.501152207,0.530471031
1.006281403,0.017593091,GII,0.012532139,1.007171167,0.274911341
1.530709366,0.015618059,GIVE,0.004105372,1.516912391,0.063571399
0.924165826,0.016804705,GLD,0.012548264,0.922974878,0.175377771
1.843212405,-0.041374022,GLL,-0.058430186,1.850360135,-0.421566362
1.021410559,0.016480163,GLTR,0.011272189,1.021414776,0.141083042
1.194648158,0.022959937,GMF,0.015810209,1.197802008,0.255466746
1.631115107,0.017909367,GML,0.004617939,1.632293664,0.114824202
1.236934287,0.01913305,GMM,0.01147761,1.239147917,0.196703199
0.515867266,0.012719798,GMMB,0.011388896,0.516455324,0.35389502
0.516971842,0.000610254,GMOM,-0.000726276,0.517722036,0.003732994
0.333358294,0.008008588,GMTB,0.007453104,0.333598181,0.330444561
0.257314116,0.003529671,GNMA,0.003199052,0.257365963,0.153292647
1.318112412,0.012065829,GNR,0.003374704,1.320342613,0.120059065
2.89700276,0.151368125,GOEX,0.109429357,2.896247256,0.525572221
0.254187828,0.004748017,GOVT,0.004425343,0.254233466,0.257313834
0.849914914,0.023487719,GQRE,0.019867817,0.852097846,0.371433053
3.035505609,-0.041020721,GREK,-0.087611019,3.065926233,-0.400392209
1.089954894,0.007717455,GRES,0.001781543,1.090855463,0.091867288
0.930586232,0.017084791,GRI,0.012754409,0.931733677,0.221129577
1.656630079,0.042684816,GRID,0.029003327,1.654909586,0.308595711
1.405809574,-0.048596833,GSG,-0.058471131,1.40532161,-0.644180834
0.03953251,0.005794095,GSY,0.005786128,0.039529288,2.327622833
0.617342257,-0.00385748,GTAA,-0.005770888,0.620050105,-0.092250198
1.04949437,-0.004945931,GULF,-0.010455249,1.051185259,-0.134173295
1.308049514,0.012612008,GUNR,0.004055705,1.309952825,0.131675498
1.569824768,0.028021434,GUR,0.0156978,1.572005949,0.203635563
1.336369367,0.021443857,GURI,0.01260016,1.32874081,0.228670188
1.011331106,0.00180719,GURU,-0.003317758,1.014324316,0.015933641
1.145304234,0.032172236,GVAL,0.025579393,1.150884907,0.453021029
0.161784869,0.006493416,GVI,0.006362568,0.161784106,0.632050236
1.00475216,0.019979944,GWL,0.014906908,1.009729588,0.310833852
0.878943001,0.038371192,GWX,0.034494035,0.881499959,0.663422296
1.514567692,0.025498031,GXC,0.014038611,1.515538326,0.160696241
1.151410705,0.004034703,GXF,-0.002626638,1.15727725,0.016452534
1.719972291,-0.029719408,GXG,-0.044518144,1.722335004,-0.363631303
0.912866734,-0.003884681,GYEN,-0.008048348,0.913578567,-0.177021514
0.915215314,-0.013262905,GYLD,-0.017447305,0.915617094,-0.300015144
1.359573567,0.026203666,HACK,0.016934274,1.364207729,0.211636889
1.896476496,0.023194557,HAO,0.005274156,1.894725706,0.024232719
1.209321557,0.012020251,HAP,0.004713486,1.210241664,0.153782793
0.335996414,0.007140643,HDG,0.006576498,0.336191188,0.360880337
1.149486813,-0.036004108,HDGE,-0.042594694,1.147874233,-0.631472192
0.753114443,0.031546949,HDV,0.028710745,0.753299106,0.701917937
1.672141537,0.043963366,HECO,0.02939221,1.733943591,0.291877137
1.256567067,0.047877676,HEDJ,0.039934856,1.262985063,0.590548628
1.055195764,0.013924892,HEEM,0.008361042,1.05606591,0.161080273
1.09019639,0.029850009,HEFA,0.023888832,1.093780118,0.417953385
9.75630557,-0.433173403,JDST,-0.922418058,9.957327586,-0.518499258
0.83414424,0.034830696,JKD,0.031347321,0.835098964,0.708087837
0.916034948,0.033258931,JKE,0.029057029,0.91754074,0.580023442
0.866273192,0.031364713,JKF,0.027610951,0.866988291,0.619018101
0.890118604,0.029853144,JKG,0.025886157,0.891600104,0.541369716
0.95854898,0.024859625,JKH,0.020258393,0.960582341,0.403016702
0.933529103,0.039529085,JKI,0.035161823,0.935288574,0.703827938
1.007073832,0.032363873,JKJ,0.027284166,1.009097049,0.507323349
1.067259204,0.028784453,JKK,0.02307814,1.069812711,0.397107486
1.034580475,0.030735443,JKL,0.025380516,1.035887008,0.471427277
0.454655075,0.015655435,JNK,0.01462269,0.454615616,0.585709655
9.795430178,0.363897993,JNUG,-0.12044648,9.905357473,-0.207916996
0.830610575,0.029991779,JPGE,0.026534803,0.83236535,0.523670674
1.032414859,0.024329811,JPIN,0.018985067,1.035808772,0.30147001
0.958735165,0.044259864,JPMV,0.039666929,0.9582355,0.673592184
3.238060694,0.080018744,JPNL,0.027222502,3.260416724,0.15817783
1.148610587,0.035664146,JPXN,0.029061897,1.150290792,0.441256819
0.892061192,0.015408833,JXI,0.011421269,0.894578812,0.290665023
2.373184618,-0.006020629,KBA,-0.034294036,2.384588726,-0.212313742
1.425526393,0.052888614,KBE,0.042710379,1.428243283,0.568955205
1.429386415,0.047228503,KBWB,0.037000077,1.431852857,0.518914422
0.929282247,0.028589903,KBWD,0.024271282,0.930121805,0.504818752
0.858909311,0.059372562,KBWP,0.055678408,0.858190024,1.077751096
1.46838133,0.061587922,KBWR,0.050791762,1.470480949,0.565756483
1.15091158,0.046078617,KBWY,0.039438393,1.153581282,0.57897302
1.391938018,0.000351682,KCE,-0.009374477,1.39804121,-0.063238615
0.304336761,-0.009476347,KCNY,-0.009941034,0.305283425,-0.511705836
2.368802533,0.054561169,KFYP,0.026366081,2.381760204,0.189375845
0.913333798,0.051766696,KIE,0.047584236,0.914487008,0.924319077
1.68602558,0.058569727,KWEB,0.044350912,1.687856914,0.437077557
2.142840057,-0.075659511,KWT,-0.098601913,2.141988771,-0.618526312
0.780183953,0.030796704,KXI,0.027748036,0.781432597,0.627408017
0.649307616,-0.009924532,LALT,-0.012009289,0.644826209,-0.292143139
5.233265522,0.048874867,LBJ,-0.088666771,5.261233774,-0.301512029
0.560346833,0.008563546,LDRI,0.006996222,0.560417214,0.195900257
0.189345055,0.008923564,LDUR,0.008744286,0.189301647,0.794756605
1.208652471,0.0114653,LVL,0.004152253,1.211369837,0.115980716
0.608019556,0.013638472,LWC,0.011790422,0.608535266,0.292288725
1.557296529,0.018270281,MCHI,0.006149881,1.558918734,0.068498351
2.511512393,-0.030913651,NATR,-0.062414838,2.512721059,-0.390065766
0.85484763,0.033100662,ONEK,0.029434631,0.857315532,0.653684604
0.972694324,0.045561135,ONEQ,0.040818498,0.974462579,0.7432451
0.91344632,0.016786256,OUNZ,0.012626791,0.912458947,0.175845795
1.293185677,0.031371027,PAF,0.023012502,1.294242471,0.356522022
1.141746257,-0.010215408,PAGG,-0.016736756,1.143595726,-0.220173822
1.809324859,0.014259776,PALL,-0.00209107,1.810411008,-0.022118042
1.179706915,0.005339198,PBD,-0.001631816,1.182897594,0.023380805
1.905698951,-0.0091356,PBE,-0.027283143,1.907378317,-0.226444371
0.865886013,0.023569501,PBJ,0.019819783,0.866813876,0.395008014
0.629780916,0.025279036,PBP,0.023289047,0.631577302,0.671255765
0.996138879,0.020276321,PBS,0.015304231,0.99885841,0.307606922
1.509641447,-0.028383654,PBW,-0.039784603,1.511659061,-0.376394824
0.513689065,0.029400076,PCEF,0.02807595,0.514566857,0.989683905
0.454444176,0.029028386,PCY,0.027990272,0.455545664,0.999552111
1.129702452,-0.02028498,PDBC,-0.026665731,1.130773739,-0.377351698
0.95756914,0.031775672,PDN,0.027181391,0.959723605,0.502090242
0.882821806,0.019191809,PDP,0.015290574,0.884508701,0.322091366
1.102339203,0.029353909,PEJ,0.023261981,1.105588864,0.393282617
2.436405698,0.010807087,PEK,-0.018915282,2.443697279,-0.121218636
0.691695472,0.009944228,PERM,0.007554896,0.691918569,0.162250615
0.982315924,0.039748505,PEX,0.034896356,0.986850804,0.602403918
0.849524222,0.05721575,PEY,0.053596696,0.849872511,1.120683154
1.017332664,-0.000275534,PEZ,-0.005461139,1.020276988,-0.043607763
0.379109738,0.019044477,PFF,0.018323777,0.379750839,0.803132792
0.959825819,0.004498548,PFI,-0.000116764,0.962518401,0.010219416
0.315736381,0.010974202,PFIG,0.010476295,0.315624403,0.498345848
0.757149464,0.025895028,PFM,0.023028631,0.757590963,0.589878188
0.465230672,0.016686931,PFXF,0.015602877,0.466033104,0.587431256
1.489991843,0.020090695,PGAL,0.008911808,1.499963129,0.159227766
0.374787134,0.027520451,PGF,0.026813633,0.375617429,1.157638718
0.457464013,0.030070365,PGHY,0.029021404,0.457501561,1.050214971
1.507212528,0.046720907,PGJ,0.035376056,1.507196176,0.390667687
0.38433503,0.024309587,PGX,0.023567087,0.385272482,0.989460646
0.361033122,0.017438091,PHB,0.016786006,0.36105617,0.830459098
0.555932025,-0.010553524,PHDG,-0.012095977,0.555719926,-0.310184217
1.059874575,0.006838328,PHO,0.001227553,1.060452256,0.09871766
0.985955075,0.018322561,PHYS,0.01348011,0.984353486,0.178645437
0.594213721,-0.010463021,PICB,-0.012229669,0.595133864,-0.332228355
2.002654074,0.015153197,PICK,-0.004902928,2.005725079,-4.70E-05
1.231259443,-0.005410303,PID,-0.012997409,1.233732977,-0.124919716
1.168285151,0.000545033,PIE,-0.006285948,1.170689658,-0.041842141
1.35087361,0.024693338,PIN,0.015546138,1.355065124,0.238439113
1.026421167,0.007233286,PIO,0.001964313,1.027976561,0.091876704
1.010162165,0.00576278,PIZ,0.000621926,1.017334075,0.057504738
1.395566371,0.002130583,PJP,-0.007620513,1.398881784,-0.0690134
1.174412513,0.057713633,PKB,0.050812032,1.174876963,0.754123241
0.914928308,0.019603876,PKW,0.015415687,0.916369046,0.340120453
1.451151786,-0.002211633,PLND,-0.012776938,1.456894789,-0.1082973
0.510599702,0.005409582,PLW,0.004107413,0.510831388,0.088505101
0.999389419,-0.010095754,PMR,-0.015092524,1.001024774,-0.20713268
1.178416401,0.065020693,PNQI,0.058046036,1.181689744,0.871380574
0.915878487,0.047836677,PPA,0.043642892,0.915376266,0.862194285
1.011936435,0.04281969,PUI,0.037686165,1.014136291,0.678143531
1.322060258,0.062448602,QABA,0.053695793,1.323596264,0.703929226
0.27505972,-0.001055135,QAI,-0.00143295,0.275157711,-0.006960202
1.373821994,-0.006033245,QAT,-0.015441939,1.372579222,-0.113863766
1.344455141,0.024472929,QAUS,0.015445631,1.344987069,0.226458431
1.139549376,0.008222395,QCAN,0.001766638,1.136203357,0.074330828
1.392424473,0.00298366,QCLN,-0.006716718,1.394985172,-0.008132997
0.784450068,0.033105735,QDEF,0.03002583,0.78516281,0.69472713
1.13793711,0.022472681,QDEU,0.015992329,1.140051236,0.3003435
0.818610656,0.033000212,QDF,0.029647166,0.819277826,0.678270472
0.861803864,0.029740342,QDYN,0.026019144,0.863644558,0.571372542
0.974690709,0.022356875,QEFA,0.01759743,0.977187134,0.383415229
0.664603072,0.007888385,QEH,0.005677576,0.665976983,0.203664973
1.133126381,0.0133072,QEMM,0.006887981,1.134518752,0.152678086
2.409617764,0.021506303,QESP,-0.004639407,2.241137234,-0.039490793
7.242876821,0.239675867,QGBR,-0.003251943,6.919864085,0.003662359
2.019104788,-0.102060292,QID,-0.122434647,2.016432321,-0.866684318
0.777768084,0.022321038,QINC,0.019297203,0.778257417,0.501948816
1.036705545,0.036059242,QJPN,0.030660731,1.040968886,0.55829825
2.015687608,0.094629112,QLD,0.074227908,2.022671397,0.719708588
0.29554106,0.010745017,QLTA,0.010308415,0.295589574,0.513819087
0.232112418,0.001421819,QMN,0.001152848,0.232146518,0.140371077
1.006457235,0.037689071,QQEW,0.032612331,1.008719978,0.609012701
1.016274687,0.050417987,QQQ,0.045241999,1.017782864,0.802572419
1.866529684,0.039081473,QQQC,0.021722365,1.864154677,0.180467329
1.004212475,0.03859543,QQQE,0.033537226,1.007025163,0.623060588
0.968791204,0.024589122,QQXT,0.01988674,0.971224195,0.386092425
1.146584176,0.063150644,QTEC,0.056557078,1.148536261,0.954043495
0.846116072,0.035232625,QUAL,0.031651479,0.846575432,0.678151562
1.063207453,0.003670313,QVAL,-0.001979133,1.064264509,0.01734063
0.802735439,0.034291303,QWLD,0.031076981,0.801443614,0.660416288
0.691329888,0.027338831,QYLD,0.024942644,0.692945012,0.633619117
0.404983629,-0.008514762,RALS,-0.009333239,0.404776136,-0.347430759
0.080692267,0.003028946,RAVI,0.002996401,0.080691562,0.584003219
1.998515573,0.081898426,RBL,0.061984314,1.995363456,0.538615122
1.00430229,0.014544239,RCD,0.009497567,1.006087015,0.200971145
0.948525247,0.039933302,RDIV,0.035435029,0.948674331,0.702453621
0.989131733,0.041639165,RDVY,0.036741922,0.990152994,0.721400404
0.897256043,0.039165972,REM,0.035139639,0.897510634,0.746297083
1.634093688,-0.037875747,REMX,-0.051222314,1.634894528,-0.540281745
3.044561247,0.080194832,RETL,0.033446374,3.068557265,0.17199509
2.132341995,-0.110898606,REW,-0.133629969,2.129701288,-0.827132389
1.071656924,0.035147798,REZ,0.029388839,1.074748347,0.421789663
1.019014743,0.022513797,RFG,0.017317874,1.020698391,0.31255814
1.23547202,0.032814533,RFV,0.025180322,1.236949378,0.428737918
0.97510075,0.030640558,RGI,0.025883923,0.976214988,0.545306042
0.775954129,0.042024114,RHS,0.039009,0.776322755,0.817716358
0.355080156,0.017495161,RIGS,0.016864249,0.355142589,0.774465116
0.893304698,-0.010165563,RINF,-0.014155914,0.894431033,-0.257818536
2.896921728,0.095666238,RING,0.053719354,2.899489609,0.287152194
0.69817716,-0.004510272,RLY,-0.006945934,0.698718184,-0.1089139
1.001387255,0.040525907,ROBO,0.035504401,1.002842123,0.674630033
2.146470765,0.101811452,ROM,0.078705459,2.151948213,0.760964606
1.02388032,0.02397961,ROOF,0.018731273,1.025926928,0.308556282
0.957111197,0.024814194,RPG,0.020227667,0.959001716,0.396197702
1.084364609,0.023230902,RPV,0.017347214,1.086183606,0.365699411
0.833143928,0.012822228,RRF,0.009370474,0.830784891,0.206724483
0.904411942,0.029443951,RSP,0.025350192,0.905686931,0.546671324
2.153199901,0.085199617,RSX,0.062040448,2.153040598,0.511986807
1.748099988,0.141352318,RSXJ,0.126006005,1.748894572,1.39206926
0.879731943,0.027858321,RTH,0.023985935,0.880830247,0.469458473
1.17088513,0.031445721,RTM,0.024593002,1.171729062,0.41857434
6.260148603,0.228405789,RUSL,0.032189822,6.280570104,0.117362692
6.259274332,-0.284923291,RUSS,-0.483602367,6.320559567,-1.04386781
0.777679476,0.02030437,SPXH,0.017280418,0.778399577,0.4028183
2.557596408,0.089353904,SPXL,0.056496005,2.569229566,0.499639305
2.56959604,-0.103757473,SPXS,-0.136722522,2.566190603,-0.717519101
2.567649558,-0.098943454,SPXU,-0.131851637,2.564176331,-0.694286862
0.855943802,0.033256382,SPY,0.029589051,0.856982904,0.653293745
0.873346071,0.036713542,SPYG,0.032895086,0.874337707,0.68544428
0.86342654,0.02894668,SPYV,0.025218367,0.864106259,0.566658816
3.035519797,-0.151004507,SQQQ,-0.19705619,3.031610381,-0.869490931
0.167058277,0.011581501,SRLN,0.011441433,0.167156535,1.131948721
1.954240843,-0.056246445,SRS,-0.075233264,1.946849828,-0.53474111
3.197724324,-0.10333103,SRTY,-0.154354209,3.193432303,-0.602378725
2.72711613,-0.119587992,SSG,-0.156640482,2.718262594,-0.674962932
1.706617023,0.060518885,SSO,0.045915225,1.711537327,0.558702084
0.150350105,0.004284635,SST,0.004171641,0.150427048,0.426236709
0.111243533,0.006014046,STIP,0.005952129,0.111203461,0.878218838
0.137773429,0.005193493,STPZ,0.005098658,0.137730874,0.61646889
0.075160958,0.002276093,SUB,0.002247873,0.075157921,0.538870234
4.240269771,0.209408573,SVXY,0.116193713,4.363433092,0.624021308
2.165716454,0.064145772,SYE,0.040713391,2.172822409,0.364096604
0.873022764,0.040905036,SYG,0.037084035,0.874679521,0.749643574
0.894447495,0.028695615,SYLD,0.024692548,0.895556091,0.523761868
2.294958531,0.06485442,SYV,0.039205565,2.256838621,0.289352838
6.493771407,0.169678901,SZK,-0.026083763,6.200051736,-0.237585133
2.896246191,-0.009988339,TAGS,-0.050664383,2.851843182,-0.195287614
2.050515389,-0.085229449,TAN,-0.106370305,2.058550994,-0.644918538
1.393188488,0.044090231,TAO,0.034397619,1.393050543,0.422502497
0.857436123,-0.01106792,TBF,-0.014733317,0.85655971,-0.218646394
1.730160557,-0.01973237,TBT,-0.034645309,1.727455734,-0.25852533
0.406230045,-0.01220121,TBX,-0.013025456,0.406141588,-0.455167571
0.815781506,-0.016387729,TBZ,-0.019708852,0.81540355,-0.366768653
0.990906026,0.034395744,TDIV,0.029483652,0.991899258,0.579261817
0.244021962,0.008396054,TDTF,0.008098679,0.243914063,0.551915655
0.133800737,0.00578726,TDTT,0.005697775,0.133759718,0.686453212
2.910823692,0.147714972,TECL,0.105156458,2.92202645,0.795399054
2.933198353,-0.167601446,TECS,-0.21077768,2.936394225,-0.883264472
0.200392287,0.009338454,TFI,0.009137582,0.200402531,0.697363693
0.083449912,0.001202153,TFLO,0.001167387,0.083449262,0.22168612
1.261255425,0.022521022,THD,0.014574108,1.261964144,0.273394599
0.669565811,0.01039006,THHY,0.008150779,0.669896659,0.297802494
0.811413339,0.032603616,THRK,0.029303777,0.813098269,0.678988357
0.887428242,0.032121676,TILT,0.02817724,0.889025156,0.599599626
0.312738165,0.007637889,TIP,0.007149532,0.31269883,0.358982088
0.313249058,0.006796266,TIPX,0.006306363,0.313213229,0.310353396
0.340580095,0.006631279,TIPZ,0.006052007,0.340631068,0.284588349
0.477139403,0.008960118,TLH,0.007822981,0.477291203,0.207971705
0.823380198,0.008221035,TLO,0.004832333,0.824244533,0.040000696
0.877006908,0.008115733,TLT,0.004270694,0.878032154,0.02817008
1.002981663,0.022209459,TLTD,0.017147026,1.008987114,0.348730812
1.126741746,0.023023002,TLTE,0.016676394,1.127870593,0.307795143
0.53522063,0.001885747,WIP,0.000456744,0.534998228,0.017773297
0.935430673,0.027597239,WMCR,0.023217961,0.93685091,0.43908958
1.073636159,0.027293172,WOOD,0.021515138,1.076747339,0.408681378
0.914722869,0.019934372,WPS,0.015743389,0.916926805,0.296926398
1.051235326,0.02444676,WREI,0.018915141,1.053219694,0.260613953
0.441127698,-0.02630254,WYDE,-0.027278353,0.441443332,-0.969747684
0.971101532,0.01293113,IRY,0.00821658,0.972229917,0.137259408
0.543610065,-0.009156161,ISHG,-0.010630652,0.543336225,-0.297753423
0.911239613,0.006432676,ISRA,0.002278347,0.912866602,0.080854895
1.066830345,0.008965269,IST,0.003258067,1.070606221,0.110761838
0.113592138,0.006514903,ISTB,0.006450299,0.113581278,0.89116679
0.949601685,0.053084268,ITA,0.048571247,0.949567967,0.912378001
1.324283084,0.047719758,ITB,0.038937124,1.326674299,0.516472524
0.171250738,0.005245055,ITE,0.005098581,0.171218429,0.427596037
0.240943738,0.009339588,ITM,0.009049013,0.241189833,0.569286871
0.86271234,0.033231612,ITOT,0.029506137,0.863759203,0.645756155
0.197307395,0.010803369,ITR,0.010608452,0.197334061,0.853220487
0.234793011,0.009290228,IUSB,0.009014671,0.234782987,0.598796737
0.869480347,0.037282396,IUSG,0.033497255,0.870491969,0.700690342
0.882285599,0.028748316,IUSV,0.024853163,0.883397818,0.545247199
1.11290534,0.03174146,IVAL,0.025540489,1.115024329,0.444798581
0.880048561,0.028549065,IVE,0.024674623,0.880994955,0.555588853
0.916941298,0.035972912,IVOG,0.031760445,0.918670453,0.607615653
0.936316149,0.035933581,IVOO,0.031543742,0.93772031,0.614040081
0.987614303,0.033695267,IVOV,0.028815878,0.988608581,0.56698159
0.85913684,0.032687059,IVV,0.028992684,0.860153511,0.636882663
0.871231596,0.036542212,IVW,0.032740846,0.872462235,0.681630782
0.858999929,0.032586642,IWB,0.02889316,0.860070252,0.632577369
1.104692296,0.025046741,IWC,0.01894403,1.106008016,0.314325285
0.88384342,0.027082787,IWD,0.023174044,0.885001243,0.51458837
0.862413677,0.037667388,IWF,0.033941483,0.863731508,0.718140864
0.829404764,0.033467221,IWL,0.030021804,0.830692199,0.677745562
1.070065521,0.031846115,IWM,0.026118048,1.071349652,0.452667037
1.035940798,0.034726281,IWN,0.029360116,1.036665899,0.526290411
1.148248985,0.02890369,IWO,0.022304033,1.150351075,0.355628948
0.912338631,0.023269421,IWP,0.019101391,0.914238161,0.404480138
0.899552608,0.027478117,IWR,0.023427106,0.901084034,0.497034621
0.91616403,0.030338232,IWS,0.026136545,0.917572814,0.544437243
0.867890933,0.032120402,IWV,0.02835,0.869025243,0.615813297
0.875902569,0.025391263,IWX,0.021549518,0.877608163,0.487516729
0.867439576,0.04307261,IWY,0.039303825,0.868310511,0.818721991
1.470466583,0.001093278,IXC,-0.009698299,1.470448699,-0.022850763
1.132382459,0.022635871,IXG,0.016193589,1.137814216,0.312610603
0.942619887,0.016529725,IXJ,0.012090823,0.943134666,0.21675248
1.001369194,0.053746658,IXN,0.048717567,1.003123576,0.907520607
0.882959601,0.014058572,IXP,0.010160925,0.883953374,0.239843719
1.028843173,0.019155064,IXUS,0.01384063,1.033263359,0.281611966
0.877550928,0.034477916,IYC,0.030618142,0.879446862,0.623189357
1.522402264,-0.007500393,IYE,-0.019058975,1.52142382,-0.134736223
1.025188958,0.032584631,IYF,0.027323855,1.02679257,0.515678168
1.268104994,0.037032009,IYG,0.028984885,1.270043314,0.461378277
1.029878017,0.023416122,IYH,0.018113326,1.030907763,0.298560734
0.92547248,0.036078853,IYJ,0.031794365,0.926137862,0.662757713
0.802288842,0.03419194,IYK,0.030968436,0.803364302,0.671734474
0.431667976,0.0151733,IYLD,0.014241423,0.431933203,0.583626902
1.167230679,0.022304527,IYM,0.01549369,1.168437293,0.31484857
0.9747289,0.025206177,IYR,0.020446143,0.977131095,0.338260983
1.134280558,0.006836391,IYT,0.000402982,1.135859986,0.078324265
1.061967892,0.052221945,IYW,0.046574008,1.06302692,0.81856784
0.853242828,0.032026974,IYY,0.028383124,0.854270229,0.627726242
1.158979593,0.038371872,IYZ,0.031663841,1.15874232,0.495632515
0.846262642,0.030164086,KLD,0.026581375,0.847046696,0.603167027
0.933730389,0.033983398,KNOW,0.029616527,0.935426809,0.602547725
1.746517586,0.019091268,KOL,0.003880577,1.745408427,0.090198878
4.844368126,0.12720964,KOLD,0.00924693,4.873035715,0.012030017
3.750654058,0.074837964,KORU,0.004268901,3.766737795,0.064008642
1.473188277,0.061437932,KRE,0.050568766,1.475549257,0.632768175
1.455870971,0.031253301,KROO,0.020682315,1.45488099,0.245296159
1.550029217,-0.063343286,KRS,-0.075392724,1.553436123,-0.722326513
2.944738239,0.125392968,KRU,0.081890113,2.954613384,0.478152166
0.685895499,0.002939868,LEMB,0.000580806,0.688303304,0.067735244
0.825261552,0.035575479,LGLV,0.03216315,0.826638336,0.682509795
1.338924556,0.052927038,LIT,0.043952506,1.340752083,0.647027533
0.215607569,0.01622029,LMBS,0.015986792,0.215733309,1.201375205
0.881352616,0.025498159,LOWC,0.021601475,0.884325485,0.50335555
0.344678215,0.012571374,LQD,0.011977158,0.344894586,0.525316024
0.312376458,0.005434309,LQDH,0.004947362,0.312268352,0.258615979
2.402320841,0.072712976,LTL,0.044006473,2.395939773,0.350271539
0.879027934,0.006032879,LTPZ,0.002173965,0.87940946,0.003139698
0.838910494,-0.000755057,MATH,-0.00427858,0.840871421,-0.044816075
0.849537254,0.006365907,MAUI,0.002709453,0.859282893,0.052689071
0.161919714,0.006231848,MBB,0.006100774,0.161941676,0.553347144
0.2364817,0.007781826,MBG,0.007502472,0.23644108,0.415394687
0.253901039,0.002280935,MBSD,0.001959178,0.253884051,0.100063702
0.423873806,0.000674063,MCRO,-0.000223034,0.424015673,0.017324678
0.701555067,0.008394978,MDIV,0.005935467,0.702140073,0.200288474
0.945698721,0.035346695,MDY,0.030869595,0.946984839,0.596643214
0.907877156,0.036218896,MDYG,0.032091909,0.909117387,0.626346445
0.962301189,0.033203503,MDYV,0.028570522,0.963323802,0.574200569
0.839731085,0.033850432,MGC,0.030320582,0.840702791,0.680393683
0.887673281,0.036721186,MGK,0.032774773,0.888998672,0.680993482
0.85160648,0.032289852,MGV,0.028661873,0.85227811,0.638167201
2.823159826,0.097730025,MIDU,0.057698808,2.83580271,0.430114524
2.822752545,-0.112364965,MIDZ,-0.152125186,2.817753497,-0.714477944
0.246089265,0.007847053,MINC,0.007544342,0.246194098,0.480944169
0.030661683,0.005452976,MINT,0.005448135,0.030660842,2.826967156
0.319867988,0.010667082,MLN,0.010154727,0.320404522,0.455265358
1.927592716,-0.010587395,MLPA,-0.029106841,1.925734503,-0.266715961
1.807202424,-0.039313606,MLPJ,-0.055652336,1.809488508,-0.526484251
1.915867687,-0.005674987,MLPX,-0.023986344,1.915321352,-0.176621208
0.928376443,0.030984288,MMTM,0.026663409,0.930867429,0.517752985
0.323798326,0.016150228,MNA,0.015625437,0.323906381,0.815747726
0.966432641,0.041771082,MOAT,0.037093938,0.967685879,0.758231143
1.541251566,0.000324072,MOM,-0.011476096,1.536002868,-0.099651582
0.942379805,0.015387836,MOO,0.010943009,0.944220914,0.257018628
0.922115177,0.034265905,MORT,0.030012701,0.922824349,0.610237932
0.420317926,-0.002976838,MRGR,-0.003857776,0.420024372,-0.151551756
1.056418527,0.060640472,MTK,0.055029326,1.05996952,0.960775763
0.875175687,0.041125592,MTUM,0.03728732,0.876548735,0.747435727
0.187749371,0.008351039,MUB,0.008174644,0.187840992,0.654507182
0.199734633,0.006092969,MUNI,0.005893612,0.199778707,0.449103951
1.891505895,0.06635855,MVV,0.048415301,1.8973319,0.503996613
1.188266882,0.022902472,MXI,0.015838549,1.190173794,0.307706753
0.95815677,-0.038048337,MYY,-0.042633456,0.957295165,-0.703402701
1.90179082,-0.074781465,MZZ,-0.092830776,1.898766891,-0.706488957
1.295245605,0.001256831,NASH,-0.007137068,1.297717737,-0.026996335
0.04429245,0.004076683,NEAR,0.004066807,0.044294735,1.421696931
0.946973852,0.024331662,NFO,0.019843157,0.948623503,0.422947385
0.859505125,0.015751533,NFRA,0.012051492,0.861602781,0.310401425
1.939162293,-0.139950599,NGE,-0.1588203,1.938775553,-1.168974962
0.919338006,0.010856959,NLR,0.006629109,0.920829396,0.134433783
0.802699185,0.029635852,NOBL,0.026413663,0.803164967,0.60573212
1.563065177,0.012326875,NORW,7.35E-05,1.568864436,0.075974949
8.557093207,0.235487624,NUGT,-0.135002296,8.663749402,-0.29363701
0.193274813,0.008978127,NYF,0.008791236,0.193312984,0.660828437
0.855634152,0.034274104,OEF,0.030611435,0.856264919,0.673282243
2.119825229,-0.003770612,OIH,-0.026103256,2.113124129,-0.154030634
1.379718729,0.056783423,ORLY,0.047268518,1.379972628,0.507796802
1.083277838,-0.014551581,PPH,-0.020420349,1.084688279,-0.27079246
1.310925269,-0.030399795,PPLT,-0.038979836,1.310505262,-0.531330926
0.556396189,0.005589285,PRB,0.0040463,0.556079163,0.124529762
0.891023648,0.029291498,PRF,0.025318128,0.892251826,0.552856252
1.041007128,0.032273464,PRFZ,0.026851606,1.042295071,0.482088719
0.966216625,0.016713179,PRN,0.012048086,0.966929587,0.27796139
2.621817572,0.082303476,PSAU,0.04789143,2.627165395,0.289346931
1.00862769,0.05222526,PSCC,0.04713699,1.008439895,0.79005823
1.131886448,0.011643451,PSCD,0.005241572,1.132838247,0.091571894
2.797608429,-0.054280804,PSCE,-0.093210979,2.78921091,-0.568717332
1.064471227,0.045356416,PSCF,0.039687194,1.065206465,0.655292768
1.267926828,0.057108905,PSCH,0.049047412,1.270819598,0.616439671
1.125123728,0.038956227,PSCI,0.032632276,1.125088253,0.517924638
1.415852748,0.022656197,PSCM,0.0126636,1.414405372,0.226181325
1.119480128,0.065052819,PSCT,0.058774666,1.120107147,0.924066434
0.982918412,0.06806471,PSCU,0.063221883,0.982885694,1.111121094
1.373493527,0.08909143,PSI,0.079612276,1.37673951,1.10502885
1.108601359,0.053489123,PSJ,0.047316253,1.112221775,0.744931557
0.419977806,0.026833497,PSK,0.025948065,0.420564404,0.985821341
0.833307379,0.035909048,PSL,0.032430751,0.834532477,0.637087779
1.554971341,0.03348736,PSLV,0.021424227,1.554247763,0.178345214
1.032707254,0.034946575,PSP,0.029580404,1.03831867,0.508530077
1.012595288,-0.052443069,PSQ,-0.057570248,1.011716686,-0.876204833
1.002157443,0.025679061,PSR,0.020640809,1.005629353,0.339941705
0.748672304,-0.020637472,PST,-0.023435736,0.74829454,-0.452707161
1.231618469,0.030856353,PTF,0.023242827,1.236437216,0.338181609
1.605870326,0.006711347,PTH,-0.006206822,1.610336789,-0.054084172
1.522533543,0.008486488,PUW,-0.003077797,1.522067021,0.042591542
0.047637873,0.000165665,PVI,0.000154338,0.047636791,0.074633916
0.881053435,0.033095182,PWB,0.029208269,0.882400503,0.605731251
0.955081614,0.025822133,PWC,0.02125079,0.957593051,0.427263012
0.857524351,0.029401548,PWV,0.025724542,0.858080287,0.588393232
0.272372739,0.010714562,PWZ,0.010343772,0.272348283,0.59573611
2.028275019,-0.015915259,PXE,-0.036454405,2.028588261,-0.21998472
1.118717533,0.017220415,PXF,0.010919569,1.125981941,0.228831186
1.533632897,0.032281321,PXH,0.020523002,1.535263671,0.27493583
2.065427882,-0.004825659,PXI,-0.026029376,2.059143176,-0.147420551
2.332289717,-0.044794608,PXJ,-0.07185591,2.325579082,-0.471125635
0.960940065,0.031317737,PXLG,0.026695453,0.9624322,0.517183285
0.889026402,0.034895547,PXLV,0.030937344,0.890410845,0.675737928
1.051098318,0.018865693,PXMG,0.013328008,1.054300581,0.265341122
0.943302893,0.033628951,PXMV,0.029173334,0.944853722,0.590017188
1.163606432,0.044028638,PXQ,0.037232134,1.16761212,0.551059619
1.588187102,0.014779711,PXR,0.002194597,1.587944392,0.03954065
1.446673747,0.02984822,PXSG,0.0193535,1.452451743,0.253930642
1.110970566,0.032467269,PXSV,0.02629776,1.111676905,0.45387476
1.237666849,0.033702634,PYZ,0.026031667,1.240282884,0.403597339
0.225186796,0.012026066,PZA,0.011772206,0.225222654,0.816805631
1.052344741,0.042463747,PZD,0.036904717,1.05582245,0.680548838
0.967271921,0.032934818,PZI,0.028255329,0.968093352,0.545467397
0.343924441,0.011626059,PZT,0.011035101,0.343898035,0.513125728
0.905361763,0.017281659,REET,0.013178344,0.907207372,0.222846892
0.958672377,-0.030171592,REK,-0.034749773,0.956410086,-0.528678828
0.493433049,0.011341102,RVNU,0.010125812,0.493277322,0.325404449
1.170940976,0.030388274,RWJ,0.023540672,1.171070817,0.387566307
1.041235647,0.028941346,RWK,0.023518958,1.042388411,0.447577037
0.859155165,0.026366355,RWL,0.022673966,0.860091924,0.521904599
1.068833199,-0.035659319,RWM,-0.04136242,1.067915302,-0.594817429
0.932595897,0.016771947,RWO,0.012416347,0.934808104,0.220362539
1.041426808,0.023395183,RWR,0.017962124,1.044013129,0.266174492
1.149400414,0.033791154,RWW,0.027173615,1.151973087,0.462429548
0.998010871,0.010359351,RWX,0.005358663,1.002438856,0.102157378
2.070676563,-0.052138009,RXD,-0.073470419,2.064469226,-0.54596523
0.951403122,0.029734161,RXI,0.025195819,0.954098157,0.4916624
2.062044183,0.043919216,RXL,0.022611641,2.06814816,0.186736168
1.921762628,-0.001048314,RYE,-0.019461824,1.92031951,-0.098630138
1.06215635,0.038019435,RYF,0.032374988,1.063270334,0.579214945
1.030036235,0.025339346,RYH,0.02002979,1.031753242,0.328864506
1.074448686,0.029891914,RYJ,0.02411331,1.076311581,0.441679412
1.04848835,0.056396932,RYT,0.050882683,1.050436302,0.911185973
0.942043471,0.031259523,RYU,0.026814694,0.943871814,0.527139113
1.135000728,0.042042427,RZG,0.035595622,1.136333812,0.545577123
1.400732984,0.019711914,RZV,0.009916722,1.400920274,0.176102069
2.02463264,0.080731047,SAA,0.060238228,2.02567293,0.548885695
0.288977135,-0.008316995,SAGG,-0.008734197,0.288990453,-0.453748687
1.10152706,-0.045694078,SBB,-0.051779661,1.103917712,-0.725287047
2.358814737,0.032470903,SBIO,0.004639459,2.36297682,0.027772328
1.155419967,-0.027602772,SBM,-0.034246275,1.152246496,-0.389729857
1.94609498,-0.07652892,SCC,-0.095450254,1.94493094,-0.735092928
1.012285053,0.030212193,SCHA,0.025084588,1.013699538,0.466130295
0.854828034,0.031623335,SCHB,0.027966049,0.855861091,0.617623719
0.955345004,0.026300082,SCHC,0.021711521,0.960188922,0.408983089
0.786735056,0.03261002,SCHD,0.029514497,0.787039222,0.69972546
1.256011972,0.018048386,SCHE,0.010156472,1.258105937,0.182269792
1.019117114,0.018201001,SCHF,0.012979304,1.024599731,0.272955601
0.892231531,0.033237339,SCHG,0.029248111,0.894128495,0.606904642
1.036729151,0.022292848,SCHH,0.016909346,1.039235346,0.274914197
0.912258213,0.03341931,SCHM,0.029251852,0.913754982,0.592687818
0.063273707,0.002537448,SCHO,0.002517434,0.063270901,0.637406494
0.307902072,0.007845393,SCHP,0.007372048,0.307839083,0.375375742
0.240233757,0.006713999,SCHR,0.006425682,0.240262749,0.395834594
0.832671934,0.030866467,SCHV,0.027397164,0.833516928,0.634964556
0.848188407,0.03218685,SCHX,0.028585748,0.849244076,0.634629552
0.195757122,0.007271685,SCHZ,0.007080105,0.195799061,0.552641476
1.731578621,0.054506111,SCIF,0.039388343,1.7441191,0.432289414
1.810098058,0.032109663,SCIN,0.015532982,1.828726517,0.171915429
1.000016366,0.052885338,SCJ,0.047877197,1.000721464,0.78098311
5.020974272,0.095832525,SCO,-0.031772058,5.077621097,-0.105092025
0.080693719,0.006443808,SCPB,0.006411099,0.080698306,1.307767447
0.686681054,-0.001019635,SCTO,-0.003374205,0.686924759,-0.025155039
0.958253052,0.038275664,SCZ,0.033646951,0.964495976,0.600237753
2.912033358,-0.0671406,SDD,-0.108057171,2.849995646,-0.514755945
0.941223391,0.018099203,SDIV,0.013666436,0.942819701,0.297518278
0.978857421,0.037717817,SDOG,0.032926058,0.979402563,0.642495051
2.487499557,-0.112247657,SDOW,-0.143187816,2.486136845,-0.717245624
2.047901376,-0.070406646,SDP,-0.091280259,2.041219536,-0.621056739
1.710805737,-0.066779196,SDS,-0.081392986,1.708883684,-0.699082297
0.785642965,0.037584836,SDY,0.034494436,0.786290487,0.806177651
1.471462383,-0.036652201,SEA,-0.047522326,1.477036618,-0.50647866
1.024424996,-0.035990836,SEF,-0.041229151,1.023355525,-0.634702875
2.894319257,0.0763864,SGDM,0.034519402,2.897193852,0.169723164
0.916373185,0.016737326,SGOL,0.012552045,0.915242372,0.176191639
0.859062188,-0.034769944,SH,-0.038456319,0.858377203,-0.708329678
0.095509885,0.003563657,SHM,0.003518068,0.09550215,0.619012139
0.014344309,0.000908872,SHV,0.000907841,0.014344257,1.001551662
0.061378104,0.002735334,SHY,0.002716496,0.061371916,0.699591895
0.378894264,0.001499836,SHYD,0.000783556,0.378787687,0.015657778
0.304467491,0.016154531,SHYG,0.015690576,0.304471198,0.885287574
3.819782804,-0.023744727,SIJ,-0.093701701,3.727435122,-0.402059089
2.890828508,0.101115432,SIL,0.05932162,2.89433893,0.319317373
3.272233687,0.143236307,SILJ,0.089732621,3.273201634,0.409269652
0.378451387,0.006259778,SIPE,0.005545255,0.378246763,0.232248912
1.459629385,0.037426412,SIVR,0.026775382,1.461017476,0.254255166
0.953276945,-0.017429279,SIZ,-0.022003786,0.959271584,-0.376501747
2.174460127,0.052778369,SIZE,0.030321993,2.110122721,0.295860516
0.475329116,-0.024730686,SJB,-0.025862118,0.475479529,-0.896026654
0.308537166,0.015974659,SJNK,0.015498236,0.308563259,0.881247779
2.021200473,-0.069291005,SKF,-0.08967952,2.018803401,-0.622066658
0.262776003,0.00978209,SKOR,0.00943739,0.262542683,0.568236098
1.015988452,0.056754954,SKYY,0.051567644,1.019128601,0.939135599
0.144802495,0.006356933,SLQD,0.006252078,0.144803995,0.701348946
1.451921925,0.036422124,SLV,0.025881007,1.453562447,0.241242868
2.777124533,0.09967193,SLVP,0.061173587,2.776479925,0.346867333
2.309116527,0.047930652,SLX,0.021358284,2.306436172,0.239256619
1.041907954,0.040111307,SLY,0.034684697,1.042161057,0.603565865
1.029640901,0.044141595,SLYG,0.038834749,1.030697294,0.658589061
1.063250583,0.035548051,SLYV,0.029899263,1.06343253,0.528646772
0.179860669,0.003987089,SMB,0.003825598,0.179817957,0.285404033
2.817615517,-0.110684201,SMDD,-0.150304428,2.812966592,-0.703264702
1.196366059,0.023707641,SMEZ,0.016496329,1.20477007,0.290627769
1.324509833,0.072464816,SMH,0.063673156,1.326079749,0.908217329
1.461562922,0.056090873,SMIN,0.045332589,1.470358688,0.567835163
3.086376142,0.009388732,SMK,-0.038019776,3.081937044,-0.264200046
4.182272678,0.125940799,SMLL,0.041075473,4.127799151,0.265440161
0.947694158,0.041523459,SMLV,0.037032742,0.947796491,0.693058915
0.21374768,0.003070821,SMMU,0.002842656,0.213804707,0.190367632
2.313826092,-0.04884101,SMN,-0.075571602,2.313293137,-0.439781971
0.229860878,0.010710844,SNLN,0.010446261,0.23006352,0.699372253
1.278070127,0.061661257,SOCL,0.053460564,1.281898522,0.734610997
1.191922313,-0.003747428,SOIL,-0.01085391,1.193874803,-0.129017786
4.123316698,0.212613494,SOXL,0.127205883,4.141286509,0.744793843
4.122076163,-0.231801139,SOXS,-0.317224312,4.131641817,-0.720343037
1.364596144,0.072841922,SOXX,0.063518015,1.365490806,0.898341125
1.076927889,-0.013458462,SOYB,-0.019257078,1.078142289,-0.382055617
0.4454513,0.007945186,SPFF,0.00695091,0.446674272,0.264686027
1.417018496,0.027199226,SPHB,0.017145447,1.420237718,0.280142146
0.799407286,0.051720182,SPHD,0.04851638,0.799765419,1.051735269
0.756288343,0.036321381,SPHQ,0.033457078,0.75699999,0.80623338
0.801283715,0.034506497,SPLV,0.031292392,0.802102519,0.694337582
1.483319578,-0.006526198,SPPP,-0.017510104,1.483499373,-0.214592777
1.691792954,0.054175127,SPUU,0.039787528,1.700126195,0.50398738
2.594231209,0.017114262,TMF,-0.016663509,2.605481524,-0.149225437
2.589708083,-0.034790925,TMV,-0.068188892,2.584768909,-0.347060222
3.178479656,0.084963462,TNA,0.034220027,3.193753122,0.243563979
1.883216463,0.037446917,TOFR,0.019917822,1.875386597,0.220394641
0.934657545,0.024773882,TOK,0.02039946,0.936579143,0.427463288
1.030564665,0.012489003,TOLZ,0.007185428,1.030914724,0.191494183
0.711209088,-0.012705043,TPS,-0.015227643,0.710606791,-0.339613993
3.017405081,0.142674529,TQQQ,0.096812205,3.036301823,0.675215366
0.592207458,0.00864436,TRSK,0.00689208,0.59259715,0.264579627
0.912013015,0.032955645,TTFS,0.028792754,0.913150679,0.587538651
2.594644401,-0.029125226,TTT,-0.062639889,2.589254632,-0.315301195
2.005526256,-0.039867576,TUR,-0.060001073,2.009084623,-0.532839222
0.096426298,0.002170967,TUZ,0.002124544,0.096412667,0.347896168
2.122412591,-0.069349192,TWM,-0.091831376,2.120022414,-0.600510989
1.051645466,0.031746754,TWOK,0.026211677,1.053246015,0.458600591
1.031384819,-0.011264362,TYBS,-0.016551685,1.028239951,-0.173039463
1.357564908,0.021790153,TYD,0.012575299,1.359303982,0.102372691
0.568806197,-0.011711273,TYNS,-0.013335154,0.571125196,-0.349467833
1.192502616,-0.038439314,TYO,-0.045538818,1.191565316,-0.584039167
3.182434833,-0.108589642,TZA,-0.15913304,3.178122016,-0.623757874
1.507163623,0.006845714,UAE,-0.004486779,1.506764939,0.031136329
4.526527134,0.067756897,UBR,-0.034447989,4.526852483,-0.110306234
1.75184603,0.012062493,UBT,-0.003307413,1.756430349,-0.078334914
1.86500244,0.066044196,UCC,0.04865373,1.866535937,0.505657087
4.968287813,-0.148825023,UCO,-0.271898232,4.959490732,-0.792249371
0.549753723,-0.020206246,UDN,-0.02171666,0.549664385,-0.619997811
2.501603543,0.102050107,UDOW,0.070634038,2.511093346,0.661089546
2.328517186,-0.004548331,UGA,-0.031595612,2.327666895,-0.16099696
1.686842495,0.067905249,UGE,0.053580697,1.696587977,0.554799888
1.834438976,0.026597638,UGL,0.009845333,1.830948706,0.043826968
2.290084715,-0.026900948,UHN,-0.052903697,2.278365996,-0.357833758
1.985500655,0.043379332,UJB,0.024149449,1.953364283,0.214862266
1.281747415,-0.04950595,ULE,-0.057715042,1.281111571,-0.707459318
0.095921795,0.004206591,ULST,0.004160583,0.095915012,0.641473978
2.815116643,0.099915427,UMDD,0.060072823,2.829749276,0.447059704
3.167377487,-0.012129371,UMX,-0.062511476,3.183820105,-0.237598174
2.618432956,-0.082325328,UNG,-0.116614632,2.619718816,-0.754482467
1.685954884,-0.027997972,UNL,-0.042208803,1.687553839,-0.409264585
2.561542488,0.091589015,UPRO,0.0586449,2.572199306,0.516892608
2.337244085,0.028897753,UPV,0.001022998,2.377658495,0.079521245
2.047714946,0.063603842,UPW,0.042514569,2.05883621,0.421889976
1.866146915,-0.035895452,URA,-0.053231996,1.861781738,-0.464402246
1.951242931,0.046038292,URE,0.02689789,1.961581479,0.229843265
0.942463765,0.024708582,URTH,0.020256023,0.945173075,0.435097562
3.207900304,0.087903958,URTY,0.036233789,3.222487509,0.255711905
2.26640068,-0.01025643,USAG,-0.034960051,2.21990945,-0.202493672
0.637459175,-0.033372088,USCI,-0.035407143,0.637651379,-0.923895293
2.762606275,0.115650254,USD,0.077368468,2.771329679,0.610675411
0.473130149,0.010748801,USDU,0.009630478,0.473295583,0.319455353
0.158348092,0.001327025,USFR,0.001201731,0.158476211,0.120318455
2.099654175,-0.031825837,USL,-0.053793703,2.096517725,-0.382626666
0.712061094,0.038583926,USMV,0.036043541,0.712675781,0.87936447
2.544450609,-0.068874714,USO,-0.101145101,2.539842793,-0.616104996
0.997980458,0.027769839,USRT,0.022777627,1.000731537,0.363358792
0.740972098,0.012268281,UST,0.009525346,0.741382857,0.154286423
0.533645722,0.013787659,UUP,0.012364867,0.533808827,0.353206523
1.008775087,0.046184515,XAR,0.041097205,1.008641097,0.738392973
2.265405531,0.042218648,XBI,0.016556865,2.268587703,0.114298288
2.61624167,-0.029678573,XES,-0.063662788,2.605581785,-0.381862388
1.181188435,0.023589728,XHB,0.016602625,1.183961032,0.253167443
1.075363278,0.060100823,XHE,0.054293943,1.078069306,0.825869434
1.196105314,0.014708349,XHS,0.00752561,1.201369529,0.124314517
