"","PTTAX","VTSMX","AGTHX","VFINX","VBMFX"
"1",0.00186739201175069,-0.0176527677006156,-0.0175849983818697,-0.0182249508735244,0.00275233035866278
"2",0.00373478402350137,-0.027158052808398,-0.0295428332067288,-0.0269687145133408,0.00642200733218791
"3",0.00466858248696544,-0.0155189017672045,-0.0192262623573461,-0.0153279107359377,0.00642200733218791
"4",0.00373478402350137,0.00174588479259963,-0.00328260959910671,0.00226490299780719,0.00366967697352496
"5",0.00466858248696544,-0.00640151689076223,-0.0100820773511205,-0.00616283061035299,0.00642200733218791
"6",0.00560227849284069,-0.0139669772039589,-0.0185228907267647,-0.0142218193887955,0.00825689423796315
"7",0.00466858248696544,-0.0159068829080158,-0.0192262623573461,-0.0166447401551619,0.00825689423796315
"8",0.00746967050459138,-0.0213384772878013,-0.0232122163709829,-0.0223334513942943,0.0100917811437384
"9",0.0130719489974321,-0.0312318244458662,-0.0307151374017321,-0.0313405963332489,0.0146789015701511
"10",0.0102707585222173,-0.0180407488414269,-0.0171161474656019,-0.0183303199095655,0.0100917811437384
"11",0.0140055425457187,-0.0172647865598041,-0.0147714029953388,-0.0168027524182589,0.0119265712114881
"12",0.0102707585222173,-0.0128031146909955,-0.00750292103074919,-0.0120622028451006,0.00917433769085069
"13",0.0112044545280927,0.00271578707620877,0.00656502868585421,0.0030549698187549,0.00825689423796315
"14",0.015873037015058,-0.0021338659334111,0.00586165705527282,-0.00247564657535132,0.0119265712114881
"15",0.0149393410091828,0.0021338659334111,0.00961311757064732,0.000105286454112077,0.0110092245966259
"16",0.015873037015058,-0.0096993262466076,0,-0.0132736632282837,0.0110092245966259
"17",0.0186741250326841,-0.0232783829918582,-0.0145369911452306,-0.0265473209511052,0.0155963450230386
"18",0.0168067330209334,-0.0139669772039589,-0.00633061683574604,-0.0171715027534383,0.0137614581172633
"19",0.0212918139665268,-0.027158052808398,-0.0112544631942777,-0.0299183978779836,0.0202876631648099
"20",0.0194229875485342,-0.0155189017672045,-0.00140682490931675,-0.0173295150165356,0.0193684766274647
"21",0.0156854371701379,-0.000775962281622796,0.00984755663680694,-0.00316042694218695,0.0147726407787636
"22",0.0175542635881305,-0.0046556320981626,0.0049237919264291,-0.00700554065835666,0.0156918273161089
"23",0.0138167132097341,0.00640157757286562,0.0145369094970764,0.00342372015393432,0.0138533574033928
"24",0.0110134735827453,0.00329780935584537,0.00961311757064732,0.000263298717209296,0.00741914848000123
"25",0.00914474962234137,-0.00135790365178831,0.00445483214595588,-0.00395048825767273,0.00741914848000123
"26",0.00727592320434878,0.00872940373563076,0.0143023887827628,0.00668943355023335,0.00558077540531068
"27",0.00727592320434878,0.00911738487644209,0.0150058420614984,0.00700545807642763,0.00558077540531068
"28",0.00634161245294139,0.0192046922638612,0.0253223584787784,0.0169607591758942,0.00558077540531068
"29",0.00540709678635638,0.0238603243620238,0.0330598002238411,0.0212272774652233,0.00374249916864548
"30",0.000735133198963637,0.0254122489252693,0.0330598002238411,0.0229655004466829,6.57530192643636e-05
"31",0.00353827036836379,0.0259941700680672,0.0342321044188443,0.0227021191475446,0.0028233126313002
"32",0.00353827036836379,0.0252182077864444,0.0368112607392156,0.0218066832905558,0.000984939556609641
"33",0.00260385715936759,0.0314257846752203,0.0445485936200732,0.0281800923145948,0.000984939556609641
"34",0.00634161245294139,0.0310378642165122,0.0426729177944885,0.0278640622829386,0.00374249916864548
"35",0.0110134735827453,0.0335596303812637,0.045486485964968,0.0307083821170023,0.00741914848000123
"36",0.0119478867917415,0.0333656903792773,0.0478311215710259,0.0300763275591516,0.00833843185537204
"37",0.0100791628313378,0.0322017469568431,0.0475966825048663,0.0287594981399274,0.00466168570599075
"38",0.013726243158907,0.0289039982831011,0.0433762894250699,0.0257044457392435,0.00926594646290393
"39",0.0090503861831434,0.0353055151738633,0.051817102800714,0.0320252115362265,0.0046615888679654
"40",0.00811515331343743,0.0308438433050547,0.0480656422853393,0.027337299684662,0.00374075608418773
"41",0.0090503861831434,0.0265761114382325,0.0447831143343866,0.023070786900795,0.00374075608418773
"42",0.0090503861831434,0.0281280360014783,0.0499413181109241,0.0243349730929632,0.00374075608418773
"43",0.00343929633767406,0.0139670378860621,0.036107780244429,0.00990249821401434,-0.00178433745650276
"44",0.00437452920738002,0.0178467886120729,0.0372801933036376,0.0140109987347843,5.73281110522265e-05
"45",0.00718012535890909,0.00155192456324559,0.0199296339879275,-0.00316042694218695,0.00281992330041024
"46",0.0090503861831434,0.00116394342243427,0.0199296339879275,-0.00489864992364668,0.00374075608418773
"47",0.00718012535890909,0.0141609981154162,0.0304806439034698,0.00790097100988354,0.00374075608418773
"48",0.00718012535890909,0.00834142259481929,0.0253223584787784,0.00179086620851569,0.00281992330041024
"49",0.00811515331343743,0.0211445170584471,0.0398592407598035,0.0153278281540085,0.0046615888679654
"50",0.0090503861831434,0.0188167111230497,0.0396248289096953,0.0119567457216684,0.0046615888679654
"51",0.0146614760286127,0.0308438433050547,0.052754995145609,0.0242823298659072,0.0111076120304589
"52",0.0146614760286127,0.0267701525770577,0.0511137311701326,0.0193310367152044,0.00926594646290393
"53",0.0165317368528472,0.0358875374534997,0.0583821314865682,0.0285088619851768,0.0111076120304589
"54",0.0146614760286127,0.033947611522075,0.0534583667761904,0.026709225575793,0.0120285416522619
"55",0.0174669697225532,0.0283363981166703,0.0487690139159209,0.0205165883945049,0.0138703040578425
"56",0.0146614760286127,0.0123599735183302,0.0316529480984729,0.00569656202785683,0.0111076120304589
"57",0.0118558798770838,0.0102167827683863,0.0286048592136798,0.00331478908401892,0.00742418405732341
"58",0.0127911127467896,0.0135289940100696,0.0342321044188443,0.00585533955016345,0.0101868760847069
"59",0.013726243158907,0.0261932073667264,0.0443141817699648,0.0182406964946685,0.0101868760847069
"60",0.0165342982925648,0.0182049950675564,0.0344665434850039,0.0094016278032347,0.0133245249465404
"61",0.0202785084142271,0.014503164268274,0.0300116841229966,0.00553777900008829,0.0170161841518374
"62",0.0174703508229805,0.0182049950675564,0.0339975837045307,0.00908399017669244,0.0151703545491889
"63",0.0174703508229805,0.0248293568688197,0.0400937614741171,0.0157530425068293,0.0151703545491889
"64",0.0202785084142271,0.0221016963277416,0.0400937614741171,0.0136888301130667,0.0160932209315004
"65",0.0193425583414002,0.0258035878091273,0.0468933108742849,0.016758703217289,0.0160932209315004
"66",0.0174703508229805,0.0295054186084097,0.0515825820864004,0.0213105640934289,0.0124017554022545
"67",0.0184065058109847,0.0343762901267993,0.0550996035356155,0.0266034271137207,0.0133245249465404
"68",0.0193425583414002,0.0302847790878144,0.0513481430202408,0.0219985816718845,0.0142474881668774
"69",0.0193425583414002,0.0316486093583534,0.0522860353651358,0.0236393579770326,0.0160932209315004
"70",0.0202785084142271,0.0372988413561479,0.0576787598559868,0.0289322154918624,0.0160932209315004
"71",0.0193425583414002,0.0365194808767432,0.0609612878069396,0.0281383223748674,0.0160932209315004
"72",0.0202785084142271,0.0242448870776855,0.0478311215710259,0.0164940446509811,0.0170161841518374
"73",0.0193425583414002,0.0334021400959627,0.0562719349466699,0.0259153269533361,0.0151703545491889
"74",0.0174703508229805,0.0324279698377583,0.0595544356815714,0.0243803546157223,0.0142474881668774
"75",0.013726243158907,0.0371039506678774,0.0640093766917327,0.0296203156522468,0.010555925799606
"76",0.013726243158907,0.0400265018972259,0.0675263164927938,0.0321608661183914,0.0124017554022545
"77",0.015598348219738,0.0411954617068621,0.074091426826802,0.0344897370784621,0.0142474881668774
"78",0.015598348219738,0.0357401203973383,0.0677608372071074,0.0302025347686301,0.0133245249465404
"79",0.010918188025249,0.0382729913869845,0.0663540122977904,0.0331665213233891,0.010555925799606
"80",0.00811013289159097,0.0339866098870968,0.0623681127162563,0.0293556570859389,0.0077873266526716
"81",0.0102675823369674,0.022491376567444,0.0511137311701326,0.0189816931333582,0.0096364487481845
"82",0.00745348220557597,0.0330124598562603,0.061664659437521,0.0300966537246286,0.00593820455715869
"83",0.00463938207418432,0.0361298006370407,0.0635404169112595,0.0331136248450839,0.00408898562362044
"84",0.00370128039199456,0.0234655265982807,0.0497069062608159,0.0209929264668867,0.00316447299487658
"85",-0.000988920646187625,0.0203481858175001,0.0473621617905527,0.0168115996955941,0.000390741432594635
"86",0.000887180260603083,0.0246345673173878,0.0520515146508222,0.0208871280048144,0.00223986352810754
"87",0.00276317870980498,0.0374936309075797,0.0654161199528955,0.0346485201062306,0.00408898562362044
"88",-0.000988920646187625,0.0332072494076922,0.0604923280264664,0.0295674191739417,-0.00145838066291827
"89",-0.00286491909538952,0.0304795888666141,0.0586166522008818,0.0266563290974879,-0.00145838066291827
"90",-0.00567901922678118,0.0302847790878144,0.0579131989221463,0.0264975460697193,-0.00238299012968748
"91",-0.00567901922678118,0.0411954617068621,0.0677608372071074,0.0376654857212239,-0.000533771196149226
"92",-0.000988920646187625,0.0421696926471698,0.0691675804682702,0.0385652653876821,0.00408898562362044
"93",-0.00380302077757928,0.0464560134649542,0.0729190409836447,0.0417939160142111,0.000390741432594635
"94",-0.00567901922678118,0.0456766529855494,0.0701054728131651,0.0413175724363674,-0.00330759959645669
"95",-0.00380302077757928,0.0450921629670474,0.0694021011825838,0.0404707002591383,-0.00238299012968748
"96",-0.00192691987078857,0.0472353537169912,0.074091426826802,0.0430642297855169,0.00131525406133832
"97",0.000887180260603083,0.0450921629670474,0.0729190409836447,0.0407353588254462,-0.000533771196149226
"98",0.00370128039199456,0.0345710796782312,0.0614302203713613,0.0300437572463235,0.00316447299487658
"99",0.00370128039199456,0.0441180129362108,0.0724501900673769,0.039623822576447,0.00316447299487658
"100",0.00370128039199456,0.0429489722171035,0.0698710337470055,0.0384593843436808,0.00316447299487658
"101",0.00614612337369083,0.0367142906555427,0.0661195732316308,0.0319491866123175,0.00510985208766314
"102",0.00614612337369083,0.0388574814054866,0.0677608372071074,0.0341721820338488,0.00233069759595726
"103",-0.000436161955120202,0.0382729913869845,0.0682297697715292,0.0331665213233891,-0.00137480944697558
"104",-0.00607809153479,0.0415851419465646,0.0682297697715292,0.035548294267227,-0.0060066690411352
"105",-0.0032571267449551,0.0324279698377583,0.0633058961969461,0.0266563290974879,-0.00322751454942915
"106",-0.00419748249409634,0.0324279698377583,0.0642437885418411,0.0251743303146463,-0.00785937414358877
"107",-0.00607809153479,0.0256087173482245,0.0553340426017749,0.0187170345670503,-0.00693292475433646
"108",-0.00795870057548366,0.0256087173482245,0.0562719349466699,0.0191404706556649,-0.00878572669481555
"109",-0.0107796653653186,0.0378833111472822,0.0696365130326919,0.0314728485399358,-0.0115647843484961
"110",-0.00607809153479,0.0402213116760256,0.0708088444437465,0.0335899629174657,-0.00693292475433646
"111",-0.00607809153479,0.0335969296473945,0.0644783092561545,0.026444567009485,-0.00785937414358877
"112",-0.00513783824323757,0.0289209488172754,0.0611956996570477,0.0216810266272713,-0.00693292475433646
"113",-0.0032571267449551,0.0347659703665017,0.0651816808867358,0.027503201274717,-0.00508021965188289
"114",-0.00419748249409634,0.0365194808767432,0.0665885057960528,0.0295674191739417,-0.00508021965188289
"115",-0.00513783824323757,0.0470405641655594,0.0778429145582277,0.0398884811427551,-0.0060066690411352
"116",-0.0032571267449551,0.0421696926471698,0.0733879735480664,0.0343597531220938,-0.00322751454942915
"117",-0.00795870057548366,0.0482095239751956,0.0799531110981261,0.0406327535312983,-0.00785937414358877
"118",-0.00701834482634243,0.0493785444669351,0.082532158554292,0.0413770038979936,-0.00971207924604251
"119",-0.00513783824323757,0.0410006721554303,0.0731535616979583,0.0337749794713712,-0.00785937414358877
"120",-0.00607809153479,0.0381446487386112,0.0712777770081683,0.030744745693106,-0.00971207924604251
"121",-0.00795870057548366,0.0375578123454503,0.0670573839283718,0.0305321357639647,-0.0124912337377484
"122",-0.00419748249409634,0.0156485389671137,0.0438452219894916,0.00921439254816795,-0.0060066690411352
"123",-0.00306676054513982,0.0189741002715119,0.0487690139159209,0.011978806107656,-0.00498560890104145
"124",-0.00495126297420429,0.0254294421878568,0.0532238460618768,0.0192618771023329,-0.00869837879588114
"125",-0.00306676054513982,0.0246470273759218,0.0529894069957172,0.0189429236703873,-0.00684199384846138
"126",-0.00118215565848671,0.0209302485518721,0.0468933108742849,0.015008957303992,-0.00312932079164704
"127",-0.00118215565848671,0.026603175656282,0.0499413181109241,0.0211756912868594,-0.00127283900620175
"128",0.000702346770577952,0.00978003344392986,0.0302461231891562,0.00448304260190862,0.00151164157690254
"129",-0.00212445810181317,0.0121275003807802,0.036576740024902,0.00676902050801642,-0.00405751326535692
"130",-0.00306676054513982,0.0246470273759218,0.0494723855465023,0.0191556161814578,-0.00777018632217126
"131",-0.00306676054513982,0.0357972424838641,0.0614302203713613,0.0305321357639647,-0.0096265712695912
"132",-0.00212445810181317,0.0406876940942356,0.0694021011825838,0.0351040089942512,-0.00777018632217126
"133",-0.000239955672748693,0.0389271444600172,0.0665885057960528,0.0343597531220938,-0.00591380137475133
"134",0.00258695165723106,0.0467518184909291,0.0754981700879647,0.042652905713167,-0.00498560890104145
"135",0.00258695165723106,0.0467518184909291,0.0801875229482342,0.0438224640255363,-0.00498560890104145
"136",0.00258695165723106,0.0467518184909291,0.0787806980389175,0.0446198476054001,-0.00684199384846138
"137",0.00258695165723106,0.0420570262088027,0.0764360624328597,0.0402074510910864,-0.00498560890104145
"138",0.00258695165723106,0.0404920347659906,0.0733879735480664,0.0378152067586416,-0.00405751326535692
"139",0.00352915164296908,0.0344279305966649,0.0686987295520022,0.0320206420028175,-0.00220103147991163
"140",0.00352915164296908,0.0230820561604774,0.0604923280264664,0.0209630813577181,-0.00220103147991163
"141",0.00258695165723106,0.0164310346885198,0.051817102800714,0.0150621730990897,-0.000344646532491867
"142",0.00164464921390441,0.0287549832648873,0.0654161199528955,0.0276082454885038,-0.00220103147991163
"143",0.00164464921390441,0.036188500458251,0.0698710337470055,0.0352634857102239,-0.00312932079164704
"144",0.00352915164296908,0.036775336851412,0.0733879735480664,0.0353697521365611,-0.00220103147991163
"145",0.00872887426978483,0.035601583155619,0.0733879735480664,0.0330307235992138,0.00263535002394794
"146",0.00872887426978483,0.0322761229880596,0.0712777770081683,0.0301599665369215,0.00449560849238495
"147",0.00589274575682154,0.0301243153794543,0.0712777770081683,0.0278740657072808,0.000775188393536462
"148",0.00494736958583366,0.0338410335214006,0.0757326908022783,0.0314889960598015,-0.00108497323687502
"149",0.00589274575682154,0.0252338637690828,0.0637748559774191,0.0237806226249127,0.000775188393536462
"150",0.00683801947022061,0.0221039820202974,0.059788956395885,0.0208567323494519,0.00263535002394794
"151",0.00494736958583366,0.0352103454085999,0.0738569333285396,0.033934456187344,-0.000154844002656516
"152",0.00683801947022061,0.0256251015161018,0.0663540122977904,0.0242590582782931,0.00449560849238495
"153",0.00494736958583366,0.0264075972375079,0.0668229448622124,0.0254817442983688,0.00356547925816645
"154",0.00400189095725715,0.0252338637690828,0.0651816808867358,0.0243121859859997,0.000775188393536462
"155",0.00305651478626945,0.0295374789862933,0.0665885057960528,0.0282992855655635,0.000775188393536462
"156",0.00400189095725715,0.0359928411300059,0.0738569333285396,0.0338281071790778,0.00170531762775497
"157",0.00305651478626945,0.0326673607350788,0.0703399663114273,0.0313295193438287,-0.000154844002656516
"158",0.00494736958583366,0.0238645518818835,0.0618991801518346,0.0228768900367825,0.00356547925816645
"159",0.00589274575682154,0.00156410143863106,0.0354044086138476,0.00129340918413791,0.00449560849238495
"160",0.00400189095725715,-0.0277785879962304,0.00445483214595588,-0.0304438997254762,0.00635567328477091
"161",-0.000724989897681717,-0.0661197051577968,-0.0332942937221035,-0.068666901555365,0.00635567328477091
"162",-0.00167036606866942,-0.0776611580127582,-0.0363423826068966,-0.0812129739447792,0.00263535002394794
"163",-0.00450659703922151,-0.0440149140427894,-0.00140682490931675,-0.0452759555264601,-0.00108497323687502
"164",-0.00167036606866942,-0.0209319881054987,0.0225087630922474,-0.02199127041843,-0.00108497323687502
"165",-0.000724989897681717,-0.0189757791430352,0.0248533986983051,-0.0212470145462728,-0.00108497323687502
"166",0.00012827690105967,-0.0266049354372763,0.0154748018419714,-0.0293806904213733,-0.000898560037929629
"167",-0.000819763167234388,-0.0547738914037125,-0.0119578348248592,-0.0580346378450155,0.00189744427020053
"168",-0.00271574084623406,-0.0379507289639927,0.00562716355701049,-0.040650866501076,3.34091187719712e-05
"169",-0.000819763167234388,-0.0365814170767935,0.00515820377653727,-0.0394813907706359,0.00189744427020053
"170",-0.00176780323552863,-0.0502746977677279,-0.00726848196458957,-0.0541538817682559,0.00376147942162908
"171",-0.00366367845693948,-0.0268005138560503,0.0164125853226612,-0.030337638804601,3.34091187719712e-05
"172",-0.00271574084623406,-0.0397112988255788,0.00633053518759187,-0.0437342334925097,0.000965475113498925
"173",-0.00271574084623406,-0.0352121051895941,0.0124267129571783,-0.0385775756005767,3.34091187719712e-05
"174",-0.00271574084623406,-0.0305172319979967,0.0161781734725528,-0.0340057023702901,0.000965475113498925
"175",-0.00176780323552863,-0.0344296094681881,0.0107854489817019,-0.037886535523517,0.000965475113498925
"176",-0.00555975859352778,-0.0223013202200656,0.0215708979634039,-0.0255530730632441,-0.00369456434605961
"177",-0.00555975859352778,-0.0138897288865219,0.0300116841229966,-0.0170473105430294,-0.00369456434605961
"178",-0.000819763167234388,-0.0152590610010888,0.0323563197290543,-0.0193863390803767,0.000965475113498925
"179",0.00012827690105967,-0.0307128913262418,0.0164125853226612,-0.0353017486706965,0.00469344857833051
"180",-0.00271574084623406,-0.0273873502492113,0.0154748018419714,-0.0309209259806003,0.000965475113498925
"181",-0.00271574084623406,-0.0399068974717206,0.00187570304163599,-0.0428347180882244,0.00376147942162908
"182",-0.00366367845693948,-0.0420587050803258,-0.00234471725421173,-0.0447580291945948,0.00282951026492748
"183",-0.00461171852523354,-0.0457343212110044,-0.00797185359517096,-0.0479635678919059,0.00376147942162908
"184",-0.00650769620423321,-0.0476998145352651,-0.0140680313647574,-0.0484443763993817,0.00189744427020053
"185",-0.0084036738832327,-0.0728586752247311,-0.0426729177944885,-0.072592571190619,0.00469344857833051
"186",-0.0084036738832327,-0.0726620854375696,-0.0429074112927508,-0.0713637355695581,0.00562541773503211
"187",-0.00488702206608583,-0.0553653800914561,-0.0215709796115578,-0.0536266236784049,0.00665257867072762
"188",-0.00203572982999416,-0.0539895145371057,-0.0182884516606051,-0.0517033125720345,0.00758648458793767
"189",0.000815562406097685,-0.040034269206442,-0.00164126397547637,-0.0380264843659939,0.0103879118254916
"190",0.00176606145652084,-0.0221479158630502,0.0133645780860218,-0.020396161920062,0.00758648458793767
"191",0.00271656050694382,-0.0260790036484103,0.00633053518759187,-0.0239222451278189,0.00852029366712236
"192",0.00176606145652084,-0.0170375725378692,0.0157092136920798,-0.0156947231485146,0.00758648458793767
"193",0.00176606145652084,-0.00838917941007689,0.021805391461666,-0.00703987271900521,0.00571886642956844
"194",0.000815562406097685,-0.00740643274794663,0.024618986848197,-0.00629192268188717,0.00571886642956844
"195",0.00366695709977816,-0.0066202151908745,0.0262602236076221,-0.00500968958548437,0.00852029366712236
"196",0.000815562406097685,-0.0142857605196978,0.0185228090786105,-0.0117413114905526,0.00852029366712236
"197",0.000815562406097685,-0.0191995949671881,0.0159437344063932,-0.0163358782349495,0.012255529983861
"198",0.000815562406097685,-0.00406507386933567,0.0325908404433679,-0.00164395846214858,0.0103879118254916
"199",0.00176606145652084,-0.000330515189033845,0.0351699967637393,0.00289721080690684,0.00945410274630689
"200",0.00176606145652084,6.26037031860703e-05,0.036107780244429,0.00316435233654921,0.00945410274630689
"201",0.000815562406097685,-0.00131326185116424,0.0311840155340512,0.00172184973765464,0.00758648458793767
"202",0.00271656050694382,-0.00858578942460624,0.0232121347228288,-0.00399468060065314,0.00945410274630689
"203",0.00556785274303566,0.00635230370502673,0.0358733683943207,0.0126205502785183,0.0103879118254916
"204",0.00366695709977816,0.0165730712648598,0.0534583667761904,0.023839866900833,0.00852029366712236
"205",0.00366695709977816,0.0144109881534375,0.0539272993406122,0.0218096837673123,0.00945410274630689
"206",0.00366695709977816,0.0106764294731358,0.0515825820864004,0.0192453001564361,0.0103879118254916
"207",0.00176606145652084,0.0246317557132707,0.0633058961969461,0.0313728363183609,0.00758648458793767
"208",-0.00108523077957101,0.0230593003717588,0.0609612878069396,0.031052297313377,0.0038511514331737
"209",0.00234484437511952,0.0187351746036498,0.0593200238314632,0.0260837115067254,0.00675174080876395
"210",0.00234484437511952,0.0319042023772416,0.0712777770081683,0.0382112476686502,0.0058159949690708
"211",0.00139198880015607,0.0346559334859421,0.074091426826802,0.0410961702845103,0.00394469696573539
"212",-0.000513619892181824,0.0317076732721833,0.0729190409836447,0.0377304446666363,0.00300914480209295
"213",-0.00146647546714509,0.030724845700582,0.0719812302869036,0.0367687450697556,0.00300914480209295
"214",-0.00337198170189417,0.0309214557151113,0.074091426826802,0.0365016035401134,-0.00166910020624567
"215",-0.00527769285182088,0.0208971970329688,0.0658850525173174,0.0265645200142012,-0.00260474920791347
"216",-0.00527769285182088,0.0228627712667004,0.0665885057960528,0.0283810361698884,-0.00166910020624567
"217",-0.0062303435116067,0.0187351746036498,0.0623681127162563,0.0250152279700854,-0.00260474920791347
"218",-0.0062303435116067,0.00379708147401681,0.0494723855465023,0.0108575912565689,-0.00166910020624567
"219",-0.00527769285182088,-0.0066202151908745,0.0382180040003784,-0.000468602898358141,0.000202100959064388
"220",-0.00432483727685762,0.00733505036715712,0.0520515146508222,0.0145973359366975,0.000202100959064388
"221",-0.00337198170189417,0.00595918481280681,0.0534583667761904,0.0134753723427868,0.000202100959064388
"222",-0.00337198170189417,0.0224696523744807,0.0710433379420087,0.0299837256893459,0.000202100959064388
"223",-0.00337198170189417,0.0208971970329688,0.0672918774266342,0.0289152421527059,0.00207349580042533
"224",-0.00337198170189417,0.0250248746054904,0.0722156693530633,0.0329756029142855,0.00113784679875754
"225",-0.00241922858451972,0.0246317557132707,0.0729190409836447,0.0316933698178829,0.00113784679875754
"226",-0.00241922858451972,0.0267938590520607,0.0738569333285396,0.0329756029142855,0.00113784679875754
"227",-0.00241922858451972,0.0277766057141909,0.0757326908022783,0.0329756029142855,0.00113784679875754
"228",-0.00241922858451972,0.0289558814813796,0.0762016505827514,0.0337769504267452,0.00207349580042533
"229",0.000827754859153642,0.0242386368210507,0.0705744053775869,0.0290221141798562,0.00404221285733951
"230",0.00464778359645809,0.0344594043808838,0.0822977467041838,0.0400810787177499,0.00779207171591754
"231",0.00369277641213198,0.0234523990366109,0.0731535616979583,0.0289152421527059,0.00685458279176665
"232",-0.00203726669382469,0.00831779702928738,0.0609612878069396,0.0141699249045632,0.00029225716073612
"233",0.000827754859153642,0.0271868970348095,0.0773739547777547,0.0349523114959974,0.00216713817101237
"234",0.00178276204347975,0.0187351746036498,0.0679952490572156,0.0277933556352623,0.00404221285733951
"235",0.00178276204347975,0.012445393692338,0.0651816808867358,0.0211686057573446,0.00404221285733951
"236",-0.000127252325172469,0.00438672947129499,0.0558029751661969,0.0133151028402949,0.00404221285733951
"237",0.000827754859153642,0.00694193147493721,0.0595544356815714,0.0157192169486792,0.00310472393318862
"238",0.00273776922780586,-0.0127133860876569,0.0377490442199054,-0.00383432851623217,0.00685458279176665
"239",-0.0029922738781508,-0.00996165497895641,0.0410316538190121,0.000973899700536436,0.00216713817101237
"240",-0.0029922738781508,0.00104535036531632,0.0522860353651358,0.0116055412936869,-0.00064523176341477
"241",-0.00289329984746106,0.0157868537077878,0.0651816808867358,0.0263508530363678,-0.00158272068756549
"242",7.4281751811755e-05,0.00104535036531632,0.0506447713896594,0.0110712527289406,0.00122974608488701
"243",0.00106340731317682,-0.0157895237203308,0.0356388476800071,-0.00702196345131923,0.00216713817101237
"244",0.00106340731317682,-0.00828106412945355,0.0426729177944885,0.000821332339296582,0.00216713817101237
"245",-0.000914843809553311,0.000413083304189138,0.0506961552945711,0.00973903003813622,9.58696451706964e-06
"246",-0.00190407182850719,0.0132565718212135,0.0621945559569227,0.0223634066127017,-0.00092857982581164
"247",-0.000914843809553311,0.0120710660247579,0.0616834929450416,0.020698070441846,9.58696451706964e-06
"248",-0.000914843809553311,0.00930477121127747,0.0601504399896545,0.0184954892731827,9.58696451706964e-06
"249",-0.00388252786641494,0.0199747481541009,0.0719043177258441,0.029508301523646,-0.00374278968272188
"250",-0.00487165342778001,0.0126638290366696,0.0634721318384718,0.0221485559605515,-0.00374278968272188
"251",-0.00100264996307429,0.00337693881848309,0.0550400275992533,0.0125324628875022,0.000205393451928823
"252",0.00197353807364992,-0.0122328445120219,0.0351094410495294,-0.00272426773103253,0.00208540687755278
"253",0.000981441242212245,-0.0104545150215512,0.0343429281798615,-0.000736619796448563,0.0011454001647408
"254",0.00197353807364992,-0.0234957260583312,0.0210558886240797,-0.013468457482592,0.0049055238540139
"255",0.000981441242212245,-0.0474044545113807,-0.0052625773333892,-0.0368371063906461,0.00584562740485123
"256",0.000981441242212245,-0.0582720528371209,-0.0149723391023106,-0.0472589017965484,0.00772573766850054
"257",-0.00397883799979832,-0.0584696135379345,-0.016760977995741,-0.0465068116520525,0.0049055238540139
"258",-0.00199464433692316,-0.0521466395161452,-0.00986192671190944,-0.0390396049773803,0.00772573766850054
"259",0.000981441242212245,-0.0766481916632094,-0.0395021933824008,-0.0629454933777799,0.00960575109412432
"260",-0.00199464433692316,-0.0620262927462434,-0.0257041180307892,-0.0472589017965484,0.00772573766850054
"261",-0.00199464433692316,-0.0815880182782586,-0.0499784952370414,-0.0678340352733074,0.00960575109412432
"262",-0.00298674116836065,-0.0831687263858124,-0.0504895310328713,-0.0673505676277153,0.00866574438131252
"263",-0.00298674116836065,-0.0922580559031853,-0.0553443847012806,-0.0780947573792748,0.00960575109412432
"264",-0.00298674116836065,-0.0883061743837784,-0.0504895310328713,-0.0733135940133959,0.00866574438131252
"265",-0.00199464433692316,-0.0691396511628612,-0.0310701163592337,-0.0545112633245323,0.00772573766850054
"266",-0.00100264996307429,-0.0847494951754695,-0.0456347045805132,-0.0692845262974748,0.00866574438131252
"267",-0.00100264996307429,-0.0707204199525183,-0.0351584027258726,-0.0561229102305637,0.00866574438131252
"268",0.000981441242212245,-0.0811928159671604,-0.0471677575359001,-0.0663298549843158,0.00866574438131252
"269",0.00197353807364992,-0.077438576058038,-0.0410353552019932,-0.061118918743131,0.00960575109412432
"270",0.00883153677366794,-0.0535297869228853,-0.0241710650754022,-0.0378577364521166,0.0145041089342567
"271",0.00584981602715376,-0.0539249690066157,-0.0228933803296479,-0.0382338200625981,0.0126201251495905
"272",0.00684375709518803,-0.0723011280600721,-0.043846065687083,-0.0562303713421415,0.0173300361922435
"273",0.00485587495911948,-0.0675589430553074,-0.0420573451454987,-0.0511805909828207,0.0154460524075773
"274",0.00584981602715376,-0.0649902089426406,-0.0387356805127329,-0.0495689440767893,0.0163879958808977
"275",0.00485587495911948,-0.0839591107806409,-0.0660762452779131,-0.0670819451288116,0.0163879958808977
"276",0.00386203634867384,-0.0983833883146901,-0.0837070482741717,-0.0801898719308983,0.0210979069235508
"277",0.0018741542126053,-0.0995689750206168,-0.0877953618568619,-0.0806196503116661,0.020155866612205
"278",0.00386203634867384,-0.0991737727095185,-0.0852402100937639,-0.0805121836946264,0.0220398503968712
"279",-0.000113727923463242,-0.110239012645543,-0.0936723143329823,-0.0916324625621292,0.0229817938701916
"280",-0.00210161005953197,-0.0926532582142835,-0.0762969611945104,-0.07379706716445,0.018271979665564
"281",-0.0040893897380117,-0.0762529893521113,-0.0586661581982517,-0.0582180192767253,0.0163879958808977
"282",-0.00309555112756624,-0.0606431453395033,-0.0369470416193028,-0.0425852050477092,0.0154460524075773
"283",-0.000113727923463242,-0.0649902089426406,-0.0461456587281891,-0.0470440566498599,0.018271979665564
"284",-0.00210161005953197,-0.0643974459307289,-0.043846065687083,-0.0469365900328202,0.018271979665564
"285",-0.00110766899149751,-0.0509611337196896,-0.0282593786580925,-0.0331840397032774,0.018271979665564
"286",-0.000113727923463242,-0.0624214748299738,-0.041290832275831,-0.0451637872449249,0.0192139231388844
"287",-0.00110766899149751,-0.0576792898252092,-0.0372025186931408,-0.0408661796120291,0.0192139231388844
"288",-0.000113727923463242,-0.0468116105899979,-0.0295369545396414,-0.0297459007445261,0.0210979069235508
"289",-0.00210161005953197,-0.0470092522002825,-0.0277483156462112,-0.0314650087621354,0.018271979665564
"290",0.00188204344693556,-0.0539249690066157,-0.0343917809919995,-0.0392545327059977,0.0211977469277651
"291",-0.000109834535092426,-0.0317945902714048,-0.0103729897237906,-0.0163156621787113,0.0174225165065256
"292",0.00188204344693556,-0.0266572029555421,-0.00705121622681955,-0.0120717438106399,0.0174225165065256
"293",0.00287793120915542,-0.02211249774212,-0.00372941551379708,-0.0085261437403109,0.019310180136158
"294",0.00188204344693556,-0.0183582578329976,0.000869825000517731,-0.00524916066342372,0.0174225165065256
"295",0.000886155684715882,-0.0163823676417134,0.00112541093856101,-0.00428214279031041,0.0164787331107219
"296",0.00287793120915542,-0.0290282954579243,-0.0142057173684375,-0.0152949550407737,0.0202539635319616
"297",0.00188204344693556,-0.0240884688428753,-0.00858435083036041,-0.0101914799111667,0.0183662999023292
"298",0.000886155684715882,-0.0248788734650715,-0.00909541384224153,-0.00997662925901635,0.0164787331107219
"299",0.00188204344693556,-0.0076882202080709,0.0103241369116526,0.00651574173153526,0.0155349497149184
"300",0.00287793120915542,-0.00923636225354717,0.00879097509206025,0.00533387320627174,0.0164787331107219
"301",0.000886155684715882,-0.0128087378992301,0.00393614863970236,0.00350738115355193,0.0164787331107219
"302",0.00486970673359478,-0.00665621990546945,0.0118571898670394,0.0092017905457906,0.0202539635319616
"303",0.00586569695340327,0.000885675524298373,0.0151789633640107,0.0158632178111427,0.0211977469277651
"304",0.00686148225803414,0.00584742860598847,0.0195228356686929,0.020355608687423,0.0230854105573977
"305",0.00686148225803414,0.00664133256280543,0.0205448528282499,0.02132749338889,0.0211977469277651
"306",0.00586569695340327,0.00604585908361532,0.0218225103579529,0.020571554926499,0.0202539635319616
"307",0.00785747247784263,-0.00209140868850398,0.0128792886747506,0.0140920941891386,0.0240291939532012
"308",0.00785747247784263,-0.00209140868850398,0.0139013874824616,0.0137141662489077,0.0230854105573977
"309",0.00785747247784263,-0.00149595543668156,0.0136458015444183,0.0142540758902933,0.0230854105573977
"310",0.0128370137465298,0.00941990538851014,0.0243776893371022,0.0233793515260626,0.0278044243744408
"311",0.0118410235267213,0.0133893240357563,0.0292325157894601,0.027914965784022,0.0268606409786373
"312",0.0160329733110277,0.0123969086918416,0.0282104986299031,0.0258631902287784,0.0308325494295174
"313",0.0170310126826102,0.0183510771174464,0.0343429281798615,0.032342645460677,0.0317783664238549
"314",0.0170310126826102,0.0145800889478269,0.0307656776090524,0.0292108909642657,0.0317783664238549
"315",0.0180290520541928,0.00445815230682004,0.0218225103579529,0.0187896901482527,0.0346154300547658
"316",0.0170310126826102,0.0155724436096384,0.0371536658810028,0.0298588122634232,0.032724086580167
"317",0.0190271938833639,0.00326730648527845,0.0246331664109401,0.0175478120878593,0.0355612470491033
"318",0.0190271938833639,0.00644282117570765,0.0289770387156223,0.0204095732253443,0.0346154300547658
"319",0.0190271938833639,0.00366424835000308,0.0261663010144811,0.0176018592077098,0.0346154300547658
"320",0.0170310126826102,0.0131908126486585,0.0376647016768327,0.0274829907239408,0.032724086580167
"321",0.0180290520541928,0.0250990685903973,0.0504406782207333,0.0379041915399538,0.033669806736479
"322",0.0160329733110277,0.0249005572032993,0.0509517412326144,0.0382281549422634,0.0317783664238549
"323",0.0190271938833639,0.0245036153385749,0.0483964806053111,0.037202223120946,0.0346154300547658
"324",0.0190271938833639,0.0310531763338989,0.0555510906111345,0.0440057243370833,0.033669806736479
"325",0.0190271938833639,0.0342286910243281,0.0540179287915422,0.0471914488768778,0.033669806736479
"326",0.0170310126826102,0.035022594981145,0.0575952065784027,0.0480553989970403,0.0308325494295174
"327",0.0160329733110277,0.0296638798073626,0.0563176034808024,0.0426017874990681,0.0298869261112307
"328",0.0150349339394452,0.0314501181986235,0.0545289918034235,0.0426558346189184,0.0289412059549188
"329",0.014036792110274,0.0288699758505456,0.0509517412326144,0.0407659526774386,0.0289412059549188
"330",0.0130387527386915,0.0318470600633481,0.0540179287915422,0.0427097991568396,0.0270497656422947
"331",0.0170310126826102,0.0340301796372303,0.0555510906111345,0.0444916694405478,0.0298869261112307
"332",0.0180290520541928,0.024305184860948,0.0448192300345021,0.0349344132392355,0.032724086580167
"333",0.0201293301650715,0.0187480392095387,0.0453302658303319,0.0296968305622683,0.0347139143266241
"334",0.0181291531183583,0.026885306981658,0.0545289918034235,0.0377422098387989,0.0328187941690338
"335",0.0201293301650715,0.0167632894311802,0.0402198534399306,0.0287789159041845,0.0356614744054194
"336",0.0211295211460168,0.0106106703005806,0.0322988122125935,0.0228934119280601,0.0366089376461891
"337",0.0221296096693736,0.0100152979582293,0.0322988122125935,0.0228393648082097,0.0385040578037794
"338",0.0201293301650715,0.0135877545133831,0.0340874511060236,0.0262411126635474,0.0366089376461891
"339",0.0211295211460168,0.0145800889478269,0.0345984869018535,0.0269970511259382,0.0375564977249842
"340",0.0221296096693736,0.026885306981658,0.0494185794130221,0.0398480380193548,0.0375564977249842
"341",0.0231296981927301,0.0173586617735315,0.0409864751738037,0.0304527690246591,0.0385040578037794
"342",0.0221296096693736,0.0165648387261855,0.0391977546322196,0.0303448344433547,0.0375564977249842
"343",0.0241298891736755,0.00842757095406634,0.0310211546828905,0.021705498405588,0.0394516178825745
"344",0.0231296981927301,0.0185495278224409,0.0420084923333607,0.0318026587428242,0.0366089376461891
"345",0.0231296981927301,0.00882451281879097,0.0338318651679803,0.0224074723300575,0.0356614744054194
"346",0.0191292416417149,0.00941990538851014,0.0340874511060236,0.0227853947648265,0.0309236740114435
"347",0.0181291531183583,0.0052520360362693,0.028721452777579,0.0190057189692579,0.0318712340902386
"348",0.0191292416417149,0.0127938707839339,0.0381757646887138,0.0252692334675425,0.0318712340902386
"349",0.0191292416417149,0.0110076323926731,0.0381757646887138,0.0231634052869864,0.0318712340902386
"350",0.0191292416417149,0.0252975192953918,0.0529958299838312,0.0371482585830249,0.0309236740114435
"351",0.0181291531183583,0.0324424526330673,0.0606613941373304,0.0444376168152355,0.0299761139326483
"352",0.0201293301650715,0.0320455107683427,0.0616834929450416,0.0443836522773142,0.0328187941690338
"353",0.0201293301650715,0.0372056943276595,0.0662828695396129,0.0490272836985073,0.0309236740114435
"354",0.0225353417206482,0.0370072638500326,0.0673049683473241,0.0480553989970403,0.0349114638984936
"355",0.0225353417206482,0.0391904441060182,0.069093580024703,0.0494052887152053,0.0349114638984936
"356",0.0235378892261339,0.0429613513661665,0.0742039924151042,0.0524829960917661,0.0368103607390755
"357",0.0265453268274131,0.0395874061981105,0.0731818936073932,0.0494592587585886,0.0425070512608214
"358",0.0255427793219276,0.0453429823271465,0.0803364219650625,0.054588824272322,0.0406082512582647
"359",0.0265453268274131,0.0471292207184074,0.0816140794947656,0.0559927666157993,0.0415577480975684
"360",0.0275477718753101,0.0510986393656535,0.0846802942697447,0.0596644307535964,0.0425070512608214
"361",0.0285503193807956,0.0487170084046736,0.0808474577608924,0.0578825604698882,0.0434565481001251
"362",0.0285503193807956,0.0379995982844764,0.0644942306461827,0.0482173806981952,0.0453555417787323
"363",0.0285503193807956,0.0295496154069433,0.0583617194480704,0.0400100197205097,0.046305038618036
"364",0.0265453268274131,0.0275567139993814,0.0558065676849725,0.0382281549422634,0.0453555417787323
"365",0.0285503193807956,0.0265601924998134,0.0552955046730912,0.0363923201206339,0.0472544386193144
"366",0.0265453268274131,0.0289517550983587,0.0552955046730912,0.0397940734814335,0.0472544386193144
"367",0.0265453268274131,0.0261616729004043,0.0519737311761202,0.0363923201206339,0.046305038618036
"368",0.0245403342740307,0.0329376388229532,0.0611724571492117,0.0424577205710611,0.0434565481001251
"369",0.0235378892261339,0.0351298000302196,0.0627055917527526,0.0453873860760955,0.0425070512608214
"370",0.0245403342740307,0.0329376388229532,0.0609169800753737,0.0436512771920201,0.0434565481001251
"371",0.0235378892261339,0.0476853115125884,0.0765036671043642,0.0575941513407774,0.0406082512582647
"372",0.0265453268274131,0.00942101789373631,0.0325542892864313,0.0195632460888469,0.0472544386193144
"373",0.0305552094765893,-0.0109069203286462,0.00955748796172816,0.00111749866427857,0.0529512259790857
"374",0.0315577569820749,0.00702943506782338,0.0305102005352146,0.019183523368024,0.0529512259790857
"375",0.0295527644286924,0.024965871373764,0.0483964806053111,0.036652767008559,0.0510522323004783
"376",0.0360848455390377,0.0393150244639899,0.0578507653003945,0.0507040877465809,0.0549524806125431
"377",0.0411094681467554,0.0419057861801364,0.0629610688265906,0.0529284540281348,0.0578062003838271
"378",0.0441242826944215,0.0337347589312425,0.0535068929957125,0.0457671087969184,0.061611256916898
"379",0.0451291867244473,0.0397135440633991,0.0588727824599517,0.0517348974071758,0.061611256916898
"380",0.0451291867244473,0.0395142842636944,0.0601504399896545,0.0509211460889687,0.061611256916898
"381",0.0471390972420876,0.0560556794706579,0.0762481083823724,0.0669255514715245,0.0635138336024461
"382",0.0451291867244473,0.0604400827946617,0.0821250336424414,0.070560444629034,0.0606600169931366
"383",0.0411094681467554,0.0686110898161878,0.0915793455535763,0.0781015125810735,0.0568549604600658
"384",0.0431193786643957,0.0682125095346754,0.0885130219143916,0.07831848283607,0.0597087770693753
"385",0.0390996600867039,0.0731948338493671,0.0956676319202152,0.0840149898093074,0.0568549604600658
"386",0.0380946535990893,0.0725969735407825,0.094645533112504,0.0829841856541746,0.0540011438507563
"387",0.0370897495690635,0.0749884754572245,0.0984783696213563,0.0856425750276507,0.0540011438507563
"388",0.0401045641167296,0.0729955740496626,0.092345858423244,0.0840692956858688,0.0559037205363044
"389",0.0380946535990893,0.0783764988732345,0.0989893237690322,0.088843445093238,0.0540011438507563
"390",0.0411094681467554,0.0743906353760076,0.0943900560386662,0.0849372702987084,0.0549524806125431
"391",0.0411094681467554,0.0797715601995794,0.0964341720059344,0.089874249248371,0.0549524806125431
"392",0.0401045641167296,0.0765828572653772,0.0918348226274141,0.0865648555170518,0.0540011438507563
"393",0.0401045641167296,0.0777786587920175,0.095923108994053,0.0869446608198037,0.0540011438507563
"394",0.0431193786643957,0.0763835367835694,0.0966896490797722,0.0856967983222831,0.0578062003838271
"395",0.0421143721767812,0.0783764988732345,0.100522485588625,0.0875414418830142,0.0568549604600658
"396",0.0469511900244014,0.080369420508164,0.104099736159434,0.0893316914797928,0.0617156483083074
"397",0.0429206109423067,0.0787750993821146,0.103844259085596,0.0879211646038371,0.0598094886158185
"398",0.0398974973299552,0.0710026726421008,0.0964341720059344,0.0810311010096406,0.0569503459151106
"399",0.0409051677148762,0.0751878161664,0.101544584396336,0.0847203000437117,0.0569503459151106
"400",0.0439281788696388,0.0757856764749847,0.103077637351722,0.0852085464302664,0.0598094886158185
"401",0.0409051677148762,0.0853517448228558,0.113298462132525,0.0945941698556459,0.0550441862226217
"402",0.0419128380997971,0.0845545640324633,0.112787399120644,0.0936718948717067,0.0559972660688661
"403",0.0439281788696388,0.0851524850231513,0.114576038014074,0.0941601412582615,0.058856408769574
"404",0.0449358492545596,0.0819638023163168,0.112276363324814,0.0913933052955205,0.0598094886158185
"405",0.0409051677148762,0.087145386430713,0.118919910318756,0.0967100069660059,0.0569503459151106
"406",0.0429206109423067,0.0863482056403206,0.119686450404475,0.0958962556477988,0.0598094886158185
"407",0.0409051677148762,0.0905334098467231,0.124285799782996,0.0990971202079242,0.0569503459151106
"408",0.0388899294026231,0.0841560444330542,0.118153288584883,0.0932378662743225,0.0569503459151106
"409",0.0419128380997971,0.0855510855320314,0.119175387392594,0.0955707562216083,0.057903425761355
"410",0.0429206109423067,0.0887397682388657,0.123519259697276,0.0980120927581589,0.058856408769574
"411",0.0409051677148762,0.0875439869395933,0.121475062081854,0.0965472600056416,0.0569503459151106
"412",0.0429206109423067,0.0873447271398886,0.121219585008016,0.0959504789424312,0.058856408769574
"413",0.0429206109423067,0.0903340893649152,0.124541276856833,0.0981206219293527,0.058856408769574
"414",0.0419128380997971,0.0841560444330542,0.115342659747947,0.0924241149561153,0.058856408769574
"415",0.0419128380997971,0.0833588434152939,0.113809497928355,0.0909592766981363,0.057903425761355
"416",0.0398974973299552,0.0813658610982611,0.113809497928355,0.0892774681851604,0.0550441862226217
"417",0.0419128380997971,0.0873447271398886,0.117642334437207,0.0950825043295916,0.058856408769574
"418",0.0419128380997971,0.0857503453317359,0.114576038014074,0.0931294196850578,0.057903425761355
"419",0.0443368821909859,0.0831595027061185,0.110743310369427,0.0907423064431396,0.0599086507538548
"420",0.0453469091004471,0.0833588434152939,0.112276363324814,0.0906880005665782,0.0599086507538548
"421",0.0433268552815248,0.0889390280385704,0.116875712703334,0.0952994800900502,0.0579989080544253
"422",0.0463568335523195,0.0919284711730679,0.124285799782996,0.0986088738213694,0.0618183934532846
"423",0.0463568335523195,0.0929249117631651,0.124541276856833,0.0987173974871013,0.0618183934532846
"424",0.0433268552815248,0.0905334098467231,0.123774736771114,0.0963302842451831,0.0579989080544253
"425",0.0392868501012691,0.0628316453932068,0.0961786949320963,0.0694211113027073,0.0532245028868383
"426",0.0392868501012691,0.0780492402904083,0.110998787443265,0.0852334531400763,0.0532245028868383
"427",0.0372668987399356,0.0618304109169531,0.0938790202428363,0.0694864831577652,0.0503599372567065
"428",0.0372668987399356,0.0612297390042512,0.094645533112504,0.0689415690514774,0.0513147601874086
"429",0.0372668987399356,0.072242488920965,0.106910473860575,0.0799481270971784,0.0513147601874086
"430",0.0392868501012691,0.0684381053671904,0.103844259085596,0.0758615438203857,0.0522696799561362
"431",0.0372668987399356,0.0694392387066055,0.102311097266003,0.0758615438203857,0.0513147601874086
"432",0.0392868501012691,0.0690387772798923,0.102822160277885,0.0761884581502944,0.0522696799561362
"433",0.0413069039201914,0.0812529317041132,0.115853613895623,0.0879033819617757,0.0541794226555658
"434",0.0433268552815248,0.0892622613752142,0.123774736771114,0.0950412739251342,0.0560891653549955
"435",0.0433268552815248,0.08305502835169,0.116620235629496,0.0887206677865473,0.0560891653549955
"436",0.0463568335523195,0.0740445855685418,0.107421509656405,0.0794577556023155,0.0579989080544253
"437",0.0463568335523195,0.0802517983646982,0.114831596736066,0.0864866449247534,0.0589537309851274
"438",0.0453469091004471,0.0866592216468435,0.124541276856833,0.0924258822093977,0.0589537309851274
"439",0.0463568335523195,0.0762471436428316,0.117386748499164,0.0822911470944311,0.0599086507538548
"440",0.0478740255258738,0.0848571249992667,0.126329997398418,0.0909002306188457,0.0590475670317653
"441",0.0468626666677597,0.0812529317041132,0.125052339868715,0.0874674704964085,0.0580909041785801
"442",0.0438281802630621,0.0760469331568428,0.120964026286024,0.0821821499589726,0.055220818780999
"443",0.0428168214049477,0.0810527414454922,0.129651689247235,0.0873040133314541,0.0542642527658391
"444",0.040793796315953,0.0810527414454922,0.128374113365686,0.0878488448558128,0.0523508302214434
"445",0.040793796315953,0.0770480867236256,0.125052339868715,0.0843616247038798,0.0533074930746286
"446",0.0377595148264328,0.082654566924977,0.130673788054946,0.089320036416869,0.0504374076770474
"447",0.0387709761421358,0.0684381053671904,0.112787399120644,0.0758070837908899,0.0504374076770474
"448",0.0397823350002501,0.0696394491925943,0.111509823239095,0.0771147411105247,0.0513940705302326
"449",0.040793796315953,0.0658350656388198,0.106910473860575,0.073791066210937,0.0523508302214434
"450",0.0377595148264328,0.0654345839847388,0.106910473860575,0.0740089778999251,0.0494807448238622
"451",0.040793796315953,0.0626313539977471,0.102822160277885,0.0707942175538669,0.0513940705302326
"452",0.040793796315953,0.0690387772798923,0.116364649691453,0.0773327353814419,0.0523508302214434
"453",0.0418053600892448,0.0718420072668842,0.121986125093735,0.0798391299617198,0.0533074930746286
"454",0.0418053600892448,0.0702402020147672,0.120964026286024,0.0784769355361223,0.0533074930746286
"455",0.0428168214049477,0.0700399106193074,0.121730648019898,0.0783680209825928,0.0533074930746286
"456",0.0418053600892448,0.0752459900760488,0.127607573279967,0.0834898843550743,0.0523508302214434
"457",0.0418053600892448,0.0702402020147672,0.121219585008016,0.0794033010782816,0.0523508302214434
"458",0.040793796315953,0.0674369518004076,0.118664351596764,0.0774961925463963,0.0504374076770474
"459",0.0387709761421358,0.0630318356518279,0.115853613895623,0.0743358922298338,0.0475674191174918
"460",0.0387709761421358,0.0602285854374684,0.107676986730243,0.07106667185428,0.0475674191174918
"461",0.041811200171801,0.0608292573501703,0.105632897979026,0.0709031321073966,0.0505387970896686
"462",0.041811200171801,0.053220429560518,0.100778044310616,0.0636563310959705,0.0505387970896686
"463",0.0428246081816894,0.0454113912848768,0.0928569214351253,0.0568453534625207,0.0514973967033625
"464",0.041811200171801,0.0410063358184003,0.0864689331631749,0.052540770409349,0.0505387970896686
"465",0.0428246081816894,0.0402053927376064,0.0839136725358716,0.0508516616538426,0.0524558026410052
"466",0.041811200171801,0.0634322970785411,0.108699085537954,0.0741724350648795,0.0495802943140003
"467",0.0397843841520241,0.0676371622863964,0.113554020854517,0.0787493898365352,0.0476632887626637
"468",0.0306634046902625,0.0814531421901021,0.121730648019898,0.0907912279779251,0.0371194677162359
"469",0.025596262183232,0.0844566433451859,0.118408874522926,0.0930252508397193,0.0332854566135625
"470",0.0225559356959781,0.0856580680800607,0.113298462132525,0.0914995992491673,0.0313684510622259
"471",0.0195157116663129,0.0882610268989605,0.111509823239095,0.0914995992491673,0.0275343431215272
"472",0.0205290172186126,0.0960701460840726,0.121219585008016,0.0999451375212366,0.0284927490591702
"473",0.0225559356959781,0.0948687213491978,0.120708549212187,0.0984740285421095,0.0304098514485321
"474",0.0185022011988359,0.10027499106456,0.126074438676426,0.103704811973583,0.0265758403458589
"475",0.0164752827214704,0.0986731049029723,0.123263700975284,0.1012528774228,0.0237002351808285
"476",0.0164752827214704,0.106482143178613,0.136295236241177,0.109426043976386,0.0237002351808285
"477",0.0164752827214704,0.109886125987778,0.138850415220326,0.111877978527168,0.0237002351808285
"478",0.0124215482243282,0.111487951467263,0.140383549823867,0.112858804098823,0.0217831327914664
"479",0.0124215482243282,0.115893067615843,0.141150089909586,0.1172177590941,0.0208246300157981
"480",0.0154619771691707,0.109085182906984,0.132973462744206,0.111496609673226,0.0246587379564968
"481",0.0164752827214704,0.11048679790048,0.134251038625755,0.113240178458228,0.0256172407321651
"482",0.0148498955342426,0.10788383908158,0.137828289196564,0.11051578410157,0.0227363094757363
"483",0.0118022945581906,0.103278431537541,0.131184851066827,0.106647200601157,0.0208157209174588
"484",0.0138340285422253,0.103879184359714,0.131184851066827,0.107083029484595,0.0236966521738877
"485",0.0148498955342426,0.111888412893976,0.139872514028037,0.113621629894099,0.0227363094757363
"486",0.0168816295182773,0.116894221182625,0.142938701586965,0.117435758870479,0.0236966521738877
"487",0.0199292304943293,0.131110743422515,0.154437102249317,0.13236544853348,0.0265775834303165
"488",0.0178975989678832,0.135315608630371,0.158014352820126,0.134926297637792,0.0236966521738877
"489",0.0138340285422253,0.140721878345733,0.163380242284365,0.14162835521225,0.0198553782193074
"490",0.0158657625262599,0.138118838617362,0.158269938758169,0.140429617951607,0.0198553782193074
"491",0.0148498955342426,0.144726452158129,0.167213078793217,0.148057875904366,0.0208157209174588
"492",0.00773882659012137,0.134714855808198,0.158269938758169,0.138794963720134,0.0150537615665758
"493",0.00570709260608665,0.139320263352237,0.161336153533148,0.143263003938261,0.0131331730082984
"494",0.0067229595981041,0.137718356963281,0.157503317024296,0.141301440882341,0.0140935157064498
"495",0.0107864275661734,0.140457668468183,0.158014352820126,0.143589918268169,0.0169744469628786
"496",0.00977056057415609,0.145291867768842,0.161336153533148,0.147894418739412,0.0160141042647272
"497",0.0118022945581906,0.142069101947349,0.160220295428604,0.145065987668503,0.0174552477591196
"498",0.0118022945581906,0.138846336125856,0.156682181539608,0.143092675956807,0.0174552477591196
"499",0.0128182640077967,0.141263385207766,0.157226502566215,0.144627549196106,0.0174552477591196
"500",0.0118022945581906,0.144083302773152,0.161308855833664,0.147203736517378,0.0164944208708411
"501",0.0148498955342426,0.134213601407987,0.153416282596018,0.137830571952366,0.0193767078596259
"502",0.0168816295182773,0.134213601407987,0.151238944057488,0.137556488035219,0.0212983616361829
"503",0.0191214548649733,0.129178038661377,0.144162825143701,0.132294384030778,0.0252452858765032
"504",0.0211576969829109,0.138443487869749,0.154232736919877,0.141941632512937,0.0252452858765032
"505",0.0211576969829109,0.147507533177434,0.163214088290993,0.148738604251215,0.0262079526872648
"506",0.0272663208791353,0.145291867768842,0.166479987234583,0.147861562142563,0.0310212867410731
"507",0.0242120601598175,0.148716017263654,0.172195330797904,0.152246701114819,0.0271706194980266
"508",0.0262481998201666,0.144284767355941,0.171106661528639,0.14813564605971,0.0300586199303114
"509",0.0272663208791353,0.14569471602495,0.1757334446869,0.14813564605971,0.0290959531195498
"510",0.0282844419381043,0.148716017263654,0.178727210333238,0.151479311291596,0.0300586199303114
"511",0.0272663208791353,0.14569471602495,0.177638541063973,0.149012611091895,0.0300586199303114
"512",0.0262481998201666,0.148716017263654,0.18226524257408,0.151150354435308,0.0281333831468135
"513",0.0293024605394844,0.143881919099834,0.178454995387832,0.147697125005384,0.0319840503898601
"514",0.0231939391008486,0.146701816437851,0.181448788250221,0.149944438052297,0.0262079526872648
"515",0.0231939391008486,0.142069101947349,0.181720894331422,0.145778598145438,0.0242826190657416
"516",0.0242120601598175,0.145896119925636,0.185803356463076,0.14967043671708,0.0252452858765032
"517",0.0282844419381043,0.142874818686932,0.185259008220418,0.146600778325873,0.0281333831468135
"518",0.0242120601598175,0.151737399411829,0.195873268239252,0.154110360541086,0.0252452858765032
"519",0.0211576969829109,0.16120431320299,0.205943261663582,0.163373955402598,0.0223572854442182
"520",0.0242120601598175,0.159794364533981,0.2075761703113,0.162551692640234,0.0233199522549798
"521",0.0262481998201666,0.158182931054815,0.207304064230099,0.16161986017437,0.0242826190657416
"522",0.0262481998201666,0.15032745074282,0.197506258535124,0.154658451298912,0.0242826190657416
"523",0.0280841373521845,0.150730298998927,0.196145483184658,0.15361705463501,0.0282373871861213
"524",0.0280841373521845,0.150931682672246,0.198594927804389,0.154220012826515,0.0263082768816064
"525",0.027064172056619,0.151535934829039,0.199683597073654,0.1549874081552,0.0263082768816064
"526",0.027064172056619,0.1610028486202,0.204854592394317,0.163428734748886,0.0272727836148511
"527",0.0321637936192693,0.157981547381497,0.201316478505321,0.160962122636576,0.0301665943286616
"528",0.0331837589148349,0.157578699125389,0.199139248830996,0.161290991405473,0.0311311010619063
"529",0.0352235870483773,0.158787183211608,0.201316478505321,0.162442122936734,0.0340249117757168
"530",0.0321637936192693,0.166642663523603,0.208120491337907,0.169348669883974,0.0301665943286616
"531",0.0321637936192693,0.171275458923576,0.213835834901227,0.173624156570801,0.0301665943286616
"532",0.0311438283237038,0.177318142310455,0.220095635571412,0.180037397611965,0.0292019907573914
"533",0.0280841373521845,0.181950877028325,0.222544971326937,0.185135147061156,0.0272727836148511
"534",0.0260443092186421,0.187993540187835,0.225810979134732,0.191219513827961,0.0253436733103362
"535",0.0291040001901614,0.186583591518827,0.222817186272343,0.190287598780168,0.0282373871861213
"536",0.0321637936192693,0.188597792344629,0.224450203784267,0.192315777925543,0.0292019907573914
"537",0.0321637936192693,0.196050505309987,0.230165547347588,0.19949640878993,0.0292019907573914
"538",0.0331837589148349,0.194237688157503,0.226627433458592,0.198290492406919,0.0301665943286616
"539",0.0342037242104004,0.193633375318606,0.224177988838861,0.198948235450175,0.0311311010619063
"540",0.0382833804774852,0.195647636826512,0.223905855541609,0.20097641459555,0.0349894185089617
"541",0.0352235870483773,0.198266170718579,0.227716102727857,0.202401547462029,0.0320957046331765
"542",0.0372674110278791,0.19343197141792,0.224450203784267,0.199331971652751,0.0349948414383854
"543",0.030113822184445,0.21015013359165,0.24077978015037,0.215940629010368,0.0291964709899421
"544",0.0290919101946941,0.202093188696866,0.23207064372466,0.20892443528316,0.0282301243342143
"545",0.030113822184445,0.202697420626292,0.234520115560442,0.209527393474666,0.0282301243342143
"546",0.030113822184445,0.198266170718579,0.231254216616853,0.205580775556736,0.0272637776784865
"547",0.0270480862151922,0.194036223574714,0.227716102727857,0.202182330978561,0.0262973341847332
"548",0.0250041597781015,0.19101492233601,0.224177988838861,0.199770498212539,0.0233981973795243
"549",0.0229603357985997,0.191216306009329,0.226355300161339,0.200702325172941,0.0204991574123407
"550",0.0239822477883506,0.195043404897086,0.230437653428788,0.204648943090871,0.0214654072300431
"551",0.0219383213512599,0.196453353566095,0.234520115560442,0.205471123271306,0.0195327139185874
"552",0.0219383213512599,0.19222340642223,0.229621199104929,0.201414853067947,0.0204991574123407
"553",0.0280699982049431,0.203301753692557,0.241596234474229,0.211555490038112,0.0253309875290054
"554",0.0270480862151922,0.201891724114077,0.24077978015037,0.209582178326416,0.0243646408732776
"555",0.0290919101946941,0.201086088283965,0.24050767406917,0.207992608322758,0.0262973341847332
"556",0.030113822184445,0.19806470613579,0.238058229449438,0.205635560408486,0.0282301243342143
"557",0.0321577486215357,0.181145160288742,0.220367741652613,0.190666275463223,0.0301629144836954
"558",0.0331796606112866,0.183159442024015,0.223361534515002,0.192978558466472,0.0311292611394232
"559",0.0331796606112866,0.182896466015898,0.221456410921878,0.191712329747925,0.0301629144836954
"560",0.0331796606112866,0.182087351078533,0.221728517003078,0.190721302555298,0.0311292611394232
"561",0.0331796606112866,0.181480550273403,0.222817186272343,0.189510095423364,0.033061954450879
"562",0.0311358366317847,0.189976085183109,0.231526322698053,0.198098599531052,0.0301629144836954
"563",0.0342015726010375,0.191998781503367,0.23751388120678,0.199640123368373,0.0320957046331765
"564",0.0321577486215357,0.19604427528072,0.23860244161184,0.203218723177562,0.0301629144836954
"565",0.0368707977019992,0.194223812183227,0.236969560180174,0.200465992208307,0.0342301115515949
"566",0.0409691012502286,0.190987433343238,0.234792221641643,0.198539047497057,0.0371352523143804
"567",0.0399445253631713,0.191594234148368,0.23751388120678,0.199419943429066,0.0361668720601185
"568",0.0409691012502286,0.186739625433649,0.233703661236584,0.19589644778842,0.0371352523143804
"569",0.0409691012502286,0.190785119211003,0.236697345234767,0.198539047497057,0.0371352523143804
"570",0.0378953735890567,0.189773771050874,0.235064436587049,0.197548102886359,0.0342301115515949
"571",0.0399445253631713,0.190987433343238,0.238330335530639,0.198428916236439,0.0351984918058567
"572",0.0440428289114004,0.190785119211003,0.236697345234767,0.196832365307043,0.0390720128229039
"573",0.0450674047984577,0.184919243245627,0.230437653428788,0.192372957653237,0.0410087733314275
"574",0.0471165565725725,0.176625941558685,0.223089319569596,0.184279923098166,0.042945533839951
"575",0.0460919806855152,0.187144193016016,0.233975767317784,0.194409951043175,0.0419771535856893
"576",0.0501902842337444,0.184312361531026,0.229621199104929,0.190996592168609,0.0458506746027365
"577",0.0481411324596298,0.183301013370897,0.226355300161339,0.189124751625902,0.0439139140942128
"578",0.0460919806855152,0.192807896440732,0.235880890910908,0.198098599531052,0.0419771535856893
"579",0.527297339534371,0.66612001843085,0.765382959591926,0.690216701847477,0.443111342805228
